Facility Name,County,Total Deaths,Deaths in Residents,Deaths in Staff
FAIR HAVENS CENTER,DADE,47,47,0
HIALEAH NURSING AND REHABILITATION CENTER,DADE,44,44,0
UNKNOWN,UNKNOWN,38,38,0
SIGNATURE HEALTHCARE CENTER OF WATERFORD,DADE,36,36,0
PAGE REHABILITATION AND HEALTHCARE CENTER,LEE,33,33,0
REGENTS PARK AT AVENTURA,DADE,28,28,0
HIGHLANDS LAKE CENTER,POLK,26,26,0
SEMINOLE PAVILION REHABILITATION & NURSING SERVICES,PINELLAS,25,24,1
TARPON POINT NURSING AND REHABILITATION CENTER,SARASOTA,25,25,0
COQUINA CENTER,VOLUSIA,24,24,0
CLARIDGE HOUSE NURSING & REHABILITATION CENTER,DADE,23,23,0
MANOR PINES CONVALESCENT CENTER,BROWARD,22,22,0
COMMUNITY CONVALESCENT CENTER,HILLSBOROUGH,22,22,0
NORTH DADE NURSING AND REHABILITATION CENTER,DADE,21,21,0
GULF SHORE CARE CENTER,PINELLAS,21,20,1
NSPIRE HEALTHCARE LAUDERHILL,BROWARD,20,20,0
"BRISTOL AT TAMPA REHABILITATION AND NURSING CENTER LLC, THE",HILLSBOROUGH,20,20,0
SIGNATURE HEALTHCARE OF JACKSONVILLE,DUVAL,20,20,0
SOLARIS HEALTHCARE CHARLOTTE HARBOR,CHARLOTTE,18,18,0
SIGNATURE HEALTHCARE OF PALM BEACH,PALM BEACH,18,18,0
CONSULATE HEALTH CARE OF BRANDON,HILLSBOROUGH,17,17,0
CORAL REEF NURSING & REHABILITATION CENTER,DADE,16,16,0
OASIS HEALTH AND REHABILITATION CENTER,PALM BEACH,16,16,0
NSPIRE HEALTHCARE MIAMI LAKES,DADE,15,15,0
MIAMI SHORES NURSING AND REHAB CENTER,DADE,15,15,0
SINAI PLAZA NURSING AND REHAB CENTER,DADE,15,14,1
"SANDS AT SOUTH BEACH CARE CENTER, THE",DADE,14,14,0
BAYSIDE HEALTH AND REHABILITATION CENTER,ESCAMBIA,14,14,0
MANORCARE NURSING AND REHABILITATION CENTER,COLLIER,14,14,0
HARBOUR HEALTH CENTER,CHARLOTTE,13,13,0
"ALEXANDER ""SANDY"" NININGER STATE VETERANS NURSING HOME",BROWARD,13,13,0
ARBOR OAKS AT GREENACRES,PALM BEACH,13,13,0
BRADENTON HEALTH CARE,MANATEE,13,13,0
RIVIERA PALMS REHABILITATION CENTER,MANATEE,13,13,0
MANATEE SPRINGS REHABILITATION AND NURSING CENTER,MANATEE,12,12,0
HEARTLAND HEALTH CARE CENTER - BOYNTON BEACH,PALM BEACH,12,12,0
THE BROADMOOR ALF,ST. LUCIE,12,12,0
PALMETTO SUBACUTE CARE CENTER,DADE,12,12,0
SUSANNA WESLEY HEALTH CENTER,DADE,12,12,0
CLEWISTON NURSING & REHABILITATION,HENDRY,12,12,0
FORT MYERS REHABILITATION AND NURSING CENTER,LEE,12,11,1
WASHINGTON REHABILITATION AND NURSING CENTER,WASHINGTON,12,12,0
UNITY HEALTH AND REHABILITATION CENTER,DADE,11,11,0
CROSS GARDENS CARE CENTER,DADE,11,11,0
BRADEN RIVER REHABILITATION CENTER LLC,STATE,11,10,1
SUWANNEE HEALTH AND REHABILITATION CENTER,STATE,11,11,0
SARASOTA POINT REHABILITATION CENTER,SARASOTA,11,11,0
BON SECOURS MARIA MANOR NURSING CARE CENTER,PINELLAS,11,11,0
ST. MARK VILLAGE,PINELLAS,11,11,0
CASA MORA REHABILITATION AND EXTENDED CARE,MANATEE,11,11,0
HERITAGE PARK CARE AND REHABILITATION CENTER,MANATEE,11,11,0
HAMLIN PLACE OF BOYNTON BEACH,PALM BEACH,10,10,0
LIFE CARE CENTER OF PORT ST. LUCIE,ST. LUCIE,10,10,0
"MIAMI JEWISH HEALTH SYSTEMS, INC.",DADE,10,10,0
AVENTURA REHAB AND NURSING CENTER,DADE,10,9,1
PARKLANDS CARE CENTER,ALACHUA,10,10,0
SIGNATURE HEALTHCARE OF BROOKWOOD GARDENS,DADE,10,10,0
RESIDENTIAL PLAZA AT BLUE LAGOON,DADE,9,9,0
SOUTHERN OAKS CARE CENTER,ESCAMBIA,9,8,1
MARGATE HEALTH AND REHABILITATION CENTER,BROWARD,9,9,0
GOVERNORS CREEK HEALTH AND REHABILITATION,CLAY,9,9,0
LAKELAND HILLS CENTER,POLK,9,9,0
"TERRACE OF ST CLOUD, THE",OSCEOLA,9,9,0
BOULEVARD REHABILITATION CENTER,PALM BEACH,9,9,0
REGENTS PARK NURSING & REHABILITATION CENTER,PALM BEACH,9,9,0
STRATFORD COURT OF BOCA RATON,PALM BEACH,9,9,0
CHAUTAUQUA REHABILITATION AND NURSING CENTER,WALTON,9,9,0
SONATA BOYNTON BEACH,PALM BEACH,8,8,0
MEDICANA NURSING AND REHAB CENTER,PALM BEACH,8,8,0
ROYAL OAK NURSING CENTER,PASCO,8,8,0
THRIVE AT BEACHWALK,LEE,8,8,0
BRANDYWYNE HEALTH CARE CENTER,POLK,8,8,0
FREEDOM SQUARE REHABILITATION & NURSING SERVICES,PINELLAS,8,8,0
MANORCARE AT LELY PALMS,COLLIER,8,8,0
JACKSON PLAZA NURSING AND REHABILITATION CENTER,DADE,8,8,0
GOLDEN GLADES NURSING AND REHABILITATION CENTER,DADE,8,8,0
"FLORIDEAN NURSING AND REHABILITATION CENTER, THE",DADE,8,8,0
ATRIA WILLOW WOOD,BROWARD,8,8,0
CAMELLIA AT DEERWOOD,DUVAL,8,8,0
POINTE OF NORTH GABLES,DADE,8,7,1
HEARTLAND HEALTH CARE CENTER-FT MYERS,LEE,7,7,0
LIFE CARE CENTER OF ESTERO,LEE,7,7,0
MANORCARE HEALTH SERVICES,LEE,7,7,0
BROOKDALE FORT MYERS THE COLONY,LEE,7,7,0
"COURT AT PALM AIRE, THE",BROWARD,7,7,0
POMPANO HEALTH AND REHABILITATION CENTER,BROWARD,7,7,0
HERITAGE HEALTHCARE AND REHABILITATION CENTER,COLLIER,7,7,0
CONSULATE HEALTH CARE OF LAKELAND,POLK,7,7,0
"GRACE MANOR AT LAKE MORTON, LLC",POLK,7,7,0
BROOKDALE DEER CREEK SARASOTA,SARASOTA,7,7,0
THE FOUNTAINS OF HOPE,SARASOTA,7,7,0
BRADEN RIVER REHABILITATION CENTER LLC,MANATEE,7,6,1
GRAND VILLA OF DELRAY EAST,PALM BEACH,7,7,0
LAKE VIEW CARE CENTER AT DELRAY,PALM BEACH,7,7,0
HEARTLAND HEALTH CARE AND REHABILITATION CENTER OF BOCA RATON,PALM BEACH,6,6,0
COURTYARD GARDENS OF JUPITER,PALM BEACH,6,6,0
"AVANTE AT BOCA RATON, INC.",PALM BEACH,6,6,0
MANORCARE HEALTH SERVICES - BOYNTON BEACH,PALM BEACH,6,6,0
BISHOP'S GLEN RETIREMENT CENTER,VOLUSIA,6,6,0
ST PETERSBURG NURSING & REHABILITATION,PINELLAS,6,6,0
PALM GARDEN OF WINTER HAVEN,POLK,6,6,0
FOUNTAIN MANOR HEALTH & REHABILITATION CENTER,DADE,6,6,0
KRYSTAL BAY NURSING AND REHABILITATION,DADE,6,6,0
PALMS CARE CENTER,BROWARD,6,6,0
LEHIGH ACRES HEALTH AND REHABILITATION CENTER,LEE,6,6,0
OAKBROOK HEALTH AND REHABILITATION CENTER,HENDRY,6,6,0
WEST GABLES HEALTH CARE CENTER,DADE,6,6,0
"UNIVERSITY PLAZA REHABILITATION AND NURSING CENTER, INC",DADE,5,5,0
TREASURE ISLE CARE CENTER,DADE,5,5,0
PALM GARDEN OF AVENTURA,DADE,5,5,0
WILLOWBROOKE COURT AT AZALEA TRACE,ESCAMBIA,5,5,0
CONCORDIA VILLAGE OF TAMPA,HILLSBOROUGH,5,5,0
HAWTHORNE HEALTH AND REHAB OF BRANDON,HILLSBOROUGH,5,5,0
NSPIRE HEALTHCARE PLANTATION,BROWARD,5,5,0
GOLFCREST HEALTHCARE CENTER,BROWARD,5,5,0
HARBORCHASE OF TAMARAC,BROWARD,5,5,0
BLOUNTSTOWN HEALTH AND REHABILITATION CENTER,CALHOUN,5,5,0
HARBOUR TERRACE,CHARLOTTE,5,5,0
ANGELS SENIOR LIVING AT SARASOTA,SARASOTA,5,5,0
CARRINGTON PLACE OF ST PETE,PINELLAS,5,4,1
APOLLO HEALTH AND REHABILITATION CENTER,PINELLAS,5,5,0
BARDMOOR OAKS HEALTHCARE AND REHABILITATION CENTER,PINELLAS,5,5,0
HEALTH AND REHABILITATION CENTRE AT DOLPHINS VIEW,PINELLAS,5,5,0
PATRICK MANOR INC,PINELLAS,5,5,0
SUWANNEE HEALTH AND REHABILITATION CENTER,SUWANNEE,5,5,0
BRISTOL AT TAMPA REHABILITATION AND NURSING CENTER LLC THE,STATE,5,5,0
RENAISSANCE HEALTH AND REHABILITATION,PALM BEACH,5,5,0
VENTURA HEALTH AND REHABILITATION CENTER,PALM BEACH,5,5,0
WILLOWBROOKE COURT AT ST ANDREWS ESTATES,PALM BEACH,5,5,0
HEARTLAND HEALTH CARE CENTER - PROSPERITY OAKS,PALM BEACH,5,5,0
GLADES HEALTH CARE CENTER,PALM BEACH,5,5,0
FOUNTAINVIEW,PALM BEACH,4,4,0
ABBEY DELRAY SOUTH,PALM BEACH,4,4,0
THE ROSE GARDEN OF FT MYERS,LEE,4,4,0
TALLAHASSEE DEVELOPMENTAL CENTER,LEON,4,2,2
"FORT WALTON REHABILITATION CENTER, LLC",OKALOOSA,4,4,0
FOUNTAIN MANOR HEALTH & REHABILITATION CENTER,STATE,4,4,0
HARBORCHASE OF VERO BEACH,STATE,4,4,0
CONSULATE HEALTH CARE AT WEST ALTAMONTE,SEMINOLE,4,4,0
WALTON PLACE,PINELLAS,4,4,0
PORT CHARLOTTE REHABILITATION CENTER,CHARLOTTE,4,4,0
BENTLEY CARE CENTER,COLLIER,4,4,0
"DIAMOND ALF, LLC",CLAY,4,4,0
HILLCREST HEALTH CARE AND REHABILITATION CENTER,BROWARD,4,4,0
GOOD HOPE MANOR,BROWARD,4,4,0
PRESIDENTIAL PLACE,BROWARD,4,4,0
FIVE STAR PREMIER RESIDENCES OF HOLLYWOOD,BROWARD,4,4,0
CROSS LANDINGS HEALTH AND REHABILITATION CENTER,JEFFERSON,4,4,0
RIVERCHASE HEALTH AND REHABILITATION CENTER,GADSDEN,4,4,0
BROOKDALE PENSACOLA,ESCAMBIA,4,4,0
"SALMO 23 NO. 2, LLC.",DADE,4,4,0
SOUTH DADE NURSING AND REHABILITATION CENTER,DADE,4,4,0
"SILVER PALM ASSISTED LIVING, LLC",DADE,4,4,0
"VICTORIA NURSING & REHABILITATION CENTER, INC.",DADE,4,4,0
SWEETEST HOME INC (THE),DADE,3,3,0
NORTH BEACH REHABILITATION CENTER,DADE,3,3,0
PALMETTO CARE CENTER,DADE,3,3,0
PONCE PLAZA NURSING & REHABILITATION CENTER,DADE,3,3,0
HOMEWOOD RESIDENCE AT FREEDOM PLAZA,HILLSBOROUGH,3,3,0
REHABILITATION AND HEALTHCARE CENTER OF TAMPA,HILLSBOROUGH,3,3,0
CAPE WEST LLC,LEE,3,3,0
BAYVIEW CENTER,LAKE,3,3,0
"BRIGHT HORIZONS OF RAMBLEWOOD, INC.",BROWARD,3,3,0
GREENWOOD PLACE,BREVARD,3,3,0
MEMORIAL MANOR,BROWARD,3,3,0
ALL SEASONS IN NAPLES LLC,COLLIER,3,3,0
HEARTLAND HEALTH CARE CENTER - ORANGE PARK,CLAY,3,3,0
LIFE CARE CENTER OF PUNTA GORDA,CHARLOTTE,3,3,0
VILLAGE PLACE HEALTH AND REHABILITATION CENTER,CHARLOTTE,3,3,0
NSPIRE HEALTHCARE KENDALL,DADE,3,3,0
JACKSON MEMORIAL LONG TERM CARE CENTER,DADE,3,3,0
CORAL GABLES NURSING AND REHABILITATION CENTER,DADE,3,3,0
WINTER HAVEN HEALTH AND REHABILITATION CENTER,POLK,3,3,0
SEASONS BELLEAIR,PINELLAS,3,3,0
JACARANDA MANOR,PINELLAS,3,3,0
SPRINGS AT LAKE POINTE WOODS,SARASOTA,3,3,0
YOURLIFE OF STUART,MARTIN,3,3,0
LAKE PARK OF MADISON NURSING AND REHABILITATION CENTER,MADISON,3,3,0
PALM GARDEN OF OCALA,MARION,3,3,0
NORTH LAKE CARE CENTER,PALM BEACH,3,3,0
REHABILITATION CENTER OF THE PALM BEACHES THE,PALM BEACH,3,3,0
PALM GARDEN OF WEST PALM BEACH,PALM BEACH,3,3,0
SYMPHONY AT DELRAY BEACH,PALM BEACH,2,2,0
TERRACES OF LAKE WORTH CARE CENTER,PALM BEACH,2,2,0
MANORCARE HEALTH SERVICES,PALM BEACH,2,2,0
HEARTLAND OF ZEPHYRHILLS,PASCO,2,2,0
BAY TREE CENTER,PINELLAS,2,2,0
BOYNTON BEACH REHABILITATION CENTER,PALM BEACH,2,2,0
"CARLISLE PALM BEACH, THE",PALM BEACH,2,2,0
CHATSWORTH AT PGA NATIONAL,PALM BEACH,2,2,0
HARBOUR'S EDGE,PALM BEACH,2,2,0
SUMMERFIELD RETIREMENT,MANATEE,2,2,0
SPRINGWOOD COURT,LEE,2,2,0
WINDSOR AT CAPE CORAL (THE),LEE,2,2,0
GRAND OAKS OF PALM CITY LLC,MARTIN,2,2,0
SALERNO BAY HEALTH AND REHABILITATION CENTER,MARTIN,2,2,0
CROSSBREEZE CARE CENTER,SARASOTA,2,2,0
GRAND VILLA OF ALTAMONTE SPRINGS,SEMINOLE,2,1,1
HEALTHPARK CARE CENTER,STATE,2,2,0
MANOR PINES CONVALESCENT CENTER,STATE,2,2,0
EMERALD HEALTH CARE CENTER,ST. LUCIE,2,2,0
VITALITY STAR RESORT ALF LLC,ST. LUCIE,2,2,0
BOULEVARD REHABILITATION CENTER,STATE,2,2,0
VILLA RIO VISTA,STATE,2,2,0
INN AT FREEDOM SQUARE (THE),PINELLAS,2,2,0
GRAND VILLA OF LARGO,PINELLAS,2,2,0
SOLARIS HEALTHCARE PALATKA,PUTNAM,2,2,0
WESTMINSTER SUNCOAST,PINELLAS,2,2,0
BUENA VISTA ASSISTED LIVING,DADE,2,2,0
FRANCO NURSING & REHABILITATION CENTER,DADE,2,2,0
HAMPTON COURT NURSING AND REHABILITATION CENTER,DADE,2,2,0
HARMONY HEALTH CENTER,DADE,2,2,0
HAZEL CYPEN TOWER,DADE,2,2,0
MIAMI ASTURIAS HOME INC,DADE,2,2,0
SEAGRASS VILLAGE OF FLEMING ISLAND,CLAY,2,2,0
ARCH PLAZA NURSING & REHABILITATION CENTER,DADE,2,2,0
ST. JOHN'S NURSING CENTER,BROWARD,2,2,0
SAEJCA'S CASTLE LLC,BROWARD,2,2,0
"TAMARAC REHABILITATION AND HEALTH CENTER, INC.",BROWARD,2,2,0
THE COLONY CLUB ALF,BROWARD,2,2,0
THE COURT AT PALM AIRE,BROWARD,2,2,0
MACCLENNY NURSING AND REHAB CENTER,BAKER,2,2,0
COVENANT VILLAGE CARE CENTER,BROWARD,2,2,0
"AVALON PARK RETIREMENT RESIDENCE, INC.",BROWARD,2,2,0
WINDSOR HEALTH AND REHABILITATION CENTER,BRADFORD,2,2,0
"ROSEWOOD MANOR OF VERO BEACH, LLC",INDIAN RIVER,2,2,0
PROMISE POINTE AT TAMPA OAKS,HILLSBOROUGH,2,2,0
CYPRESS POINT,LEE,2,2,0
PACIFICA SENIOR LIVING FORT MYERS,LEE,2,2,0
HERITAGE PARK REHABILITATION AND HEALTHCARE,LEE,2,2,0
GLADWELL FORT MYERS,LEE,2,2,0
SUPERIOR RESIDENCES OF BRANDON MEMORY CARE,HILLSBOROUGH,2,2,0
HANNA OAKS CENTER FOR INDEPENDENT AND ASSISTED LIVING,HILLSBOROUGH,2,2,0
SALMOS 23 V LLC,DADE,2,2,0
"FANNIE E. TAYLOR HOME FOR THE AGED-TAYLOR MANOR, INC.",DUVAL,2,2,0
LANIER REHABILITATION CENTER,DUVAL,2,2,0
VILLA ROSA II INC,DADE,1,1,0
"VILLA ROSA IV, INC",DADE,1,1,0
FOURAKER HILLS REHAB AND NURSING CENTER,DUVAL,1,1,0
BROOKDALE SOUTHPOINT,DUVAL,1,1,0
ARCADIA HEALTH & REHABILITATION CENTER,ESCAMBIA,1,1,0
HOMESTEAD VILLAGE RETIREMENT COMMUNITY,ESCAMBIA,1,1,0
GRANDVIEW RETIREMENT CENTER,ESCAMBIA,1,1,0
ROSEWOOD HEALTHCARE AND REHABILITATION CENTER,ESCAMBIA,1,1,0
SALMO 23 ELDER CARE,DADE,1,1,0
SEASON'S HOSPICE,DADE,1,1,0
PROFESSIONAL HOME CARE I,DADE,1,1,0
RAFFA CORP II,DADE,1,1,0
PINECREST REHABILITATION CENTER,DADE,1,1,0
PINES NURSING HOME,DADE,1,1,0
"PALACE AT HOMESTEAD, LLC",DADE,1,1,0
"SUNSHINE ELDERLY RESIDENCES, CORP",DADE,1,1,0
STERLING AVENTURA,DADE,1,1,0
SUN COAST,DADE,1,1,0
VIDA CLARA ADULT CARE SERVICES LLC,DADE,1,1,0
VILLA MARIA NURSING CENTER,DADE,1,1,0
VILLA MARIA PIA INC,DADE,1,1,0
VILLA MARIA WEST SKILLED NURSING FACILITY,DADE,1,1,0
UNIVERSITY PLAZA REHABILITATION AND NURSING CENTER INC,DADE,1,1,0
DOLPHIN POINTE HEALTH CARE CENTER,DUVAL,1,1,0
GANDY CROSSING CARE CENTER,HILLSBOROUGH,1,1,0
CENTRAL TAMPA ASSISTED LIVING,HILLSBOROUGH,1,1,0
EXCEL CARE CENTER,HILLSBOROUGH,1,1,0
BEST CARE SENIOR LIVING AT SAINT JOSEPH,HILLSBOROUGH,1,1,0
BRANDON HEALTH AND REHABILITATION CENTER,HILLSBOROUGH,1,1,0
"ANGELS SENIOR LIVING AT NEW TAMPA, LLC",HILLSBOROUGH,1,1,0
HARDEE MANOR HEALTHCARE CENTER,HARDEE,1,1,0
A LA MY LOVE ALF,HILLSBOROUGH,1,1,0
SOUTH CAMPUS CARE CENTER,LAKE,1,1,0
THE COVE AT TAVARES VILLAGE,LAKE,1,1,0
ARBOR AT SHELL POINT (THE),LEE,1,1,0
BARKLEY PLACE,LEE,1,1,0
HEALTHPARK CARE CENTER,LEE,1,1,0
DISCOVERY VILLAGE AT THE FORUM,LEE,1,1,0
EVANS HEALTH CARE,LEE,1,1,0
CYPRESS COVE AT HEALTHPARK FLORIDA,LEE,1,1,0
PALM GARDEN OF SUN CITY,HILLSBOROUGH,1,1,0
PALM GARDEN OF TAMPA,HILLSBOROUGH,1,1,0
THE COLONNADE AT NORTHDALE,HILLSBOROUGH,1,1,0
WHISPERING OAKS,HILLSBOROUGH,1,1,0
HARBORCHASE OF VERO BEACH,INDIAN RIVER,1,1,0
OAKBRIDGE TERRACE ASSISTED LIVING AT INDIAN RIVER ESTATES,INDIAN RIVER,1,1,0
BRIGHT HORIZONS OF RAMBLEWOOD INC.,BROWARD,1,1,0
BROWARD NURSING & REHABILITATION CENTER,BROWARD,1,1,0
"BUCKINGHAM PLACE, LLC",BROWARD,1,1,0
FIVE STAR PREMIER RESIDENCES OF PLANTATION,BROWARD,1,0,1
EASTSIDE ACTIVE LIVING,BROWARD,1,1,0
W FRANK WELLS NURSING HOME,BAKER,1,1,0
THE FORUM AT DEER CREEK,BROWARD,1,1,0
THE HORIZON CLUB,BROWARD,1,1,0
SONATA COCONUT CREEK,BROWARD,1,1,0
PACIFICA SENIOR LIVING FOREST TRACE,BROWARD,1,1,0
RIVER VALLEY REHABILITATION CENTER,CALHOUN,1,1,0
LIFE CARE CENTER OF INVERRARY,BROWARD,1,1,0
PARK SUMMIT AT CORAL SPRINGS,BROWARD,1,1,0
NSPIRE HEALTHCARE TAMARAC,BROWARD,1,1,0
OAKMONTE VILLAGE OF DAVIE,BROWARD,1,1,0
MAGGYS HOME CARE III INC,BROWARD,1,1,0
NEW HORIZON OF TAMARAC,BROWARD,1,1,0
AMIGOS OF WESTCHESTER ALF CORP,DADE,1,1,0
A LOVING PLACE ALF,DADE,1,1,0
BLUE SKY GROUP HOME INC,DADE,1,1,0
ASSISTED LIVING RETIREMENT HOMES I,DADE,1,1,0
"BRYAN FAMILY HOME, INC",DADE,1,1,0
LAKESIDE PAVILION,COLLIER,1,1,0
NAPLES GREEN VILLAGE,COLLIER,1,1,0
VILLAGE PLACE RETIREMENT,CHARLOTTE,1,1,0
SANDHILL GARDENS RETIREMENT CENTER,CHARLOTTE,1,1,0
SIGNATURE HEALTHCARE OF PORT CHARLOTTE,CHARLOTTE,1,1,0
SUPERIOR RESIDENCES OF LECANTO,CITRUS,1,1,0
ALLEGRO,CLAY,1,1,0
DIAMOND ALF LLC,CLAY,1,1,0
ISLE HEALTH & REHABILITATION CENTER,CLAY,1,1,0
LIFE CARE CENTER AT WELLS CROSSING,CLAY,1,1,0
LIFE CARE CENTER OF ORANGE PARK,CLAY,1,1,0
MERRY ONE ALF,DADE,1,1,0
LIVEWELL AT GRAND COURT LAKES,DADE,1,0,0
"LOG CABIN ENTERPRISES, INC.",DADE,1,1,0
MARIA ADULT HOME CARE III,DADE,1,1,0
FLORIDEAN NURSING AND REHABILITATION CENTER THE,DADE,1,1,0
MIAMI-DADE COUNTY,DADE,1,1,0
NEW ERA COMMUNITY HEALTH CENTER LLC,DADE,1,1,0
IMPERIAL CLUB,DADE,1,1,0
"GREEN STREET ALF, CORP",DADE,1,1,0
CASA DE AMOR ALF INC,DADE,1,1,0
ASTORIA HEALTH AND REHABILITATION CENTER,POLK,1,1,0
SABAL PALMS HEALTH CARE CENTER,PINELLAS,1,1,0
SOUTH HERITAGE HEALTH & REHABILITATION CENTER,PINELLAS,1,1,0
STIRLING HOUSE I,PINELLAS,1,1,0
SYLVAN TERRACE,PINELLAS,1,1,0
ORCHARD RIDGE,PASCO,1,1,0
BOCA CIEGA CENTER,PINELLAS,1,1,0
"CARE CENTER AT PINELLAS PARK, THE",PINELLAS,1,1,0
GRAND VILLA OF DUNEDIN,PINELLAS,1,0,1
CONSULATE HEALTH CARE OF ST PETERSBURG,PINELLAS,1,1,0
INN AT LAKE SEMINOLE SQUARE (THE),PINELLAS,1,1,0
PALM GARDEN OF CLEARWATER,PINELLAS,1,1,0
NORTH REHABILITATION CENTER,PINELLAS,1,1,0
PALM GARDEN OF PINELLAS,PINELLAS,1,1,0
PENINSULA CARE AND REHABILITATION CENTER,PINELLAS,1,1,0
HIGHLAND PINES REHABILITATION CENTER,PINELLAS,1,1,0
MARION AND BERNARD L SAMSON NURSING CENTER,PINELLAS,1,1,0
OSPREY POINT NURSING CENTER,SUMTER,1,1,0
SURREY PLACE CARE CENTER,SUWANNEE,1,1,0
GRACE'S HOME CARE SERVICES LLC,UNKNOWN,1,1,0
BISHOPS GLEN RETIREMENT CENTER,VOLUSIA,1,1,0
ST. CATHERINE'S WEST REHABILITATION,UNKNOWN,1,0,0
CONSULATE HEALTH CARE OF SARASOTA,SARASOTA,1,1,0
BROOKDALE BRADENTON GARDENS,STATE,1,1,0
DELTONA HEALTH CARE,STATE,1,1,0
HEARTLAND HEALTH CARE CENTER - ORANGE PARK,STATE,1,1,0
HERITAGE PARK REHABILITATION AND HEALTHCARE,STATE,1,1,0
THE PRESERVE AT PALM AIRE,STATE,1,1,0
MADISON AT OVIEDO,SEMINOLE,1,1,0
"WATERMARK AT VISTAWILLA, THE",SEMINOLE,1,1,0
"PONCE THERAPY CARE CENTER, THE",ST. JOHNS,1,1,0
MAGNOLIA HEALTH AND REHABILITATION CENTER,SARASOTA,1,1,0
HOBE SOUND MANOR,MARTIN,1,1,0
SOLARIS HEALTHCARE PARKWAY,MARTIN,1,1,0
SOLARIS SENIOR LIVING STUART,MARTIN,1,1,0
STUART LODGE,MARTIN,1,1,0
LIFE CARE CENTER OF HILLIARD,NASSAU,1,1,0
"CRYSTAL HEALTH AND REHAB CENTER, LLC",MONROE,1,1,0
"TERRACE AT HOBE SOUND, THE",MARTIN,1,1,0
MAYFLOWER HEALTHCARE CENTER,ORANGE,1,1,0
PARKVIEW REHABILITATION CENTER AT WINTER PARK,ORANGE,1,1,0
ORLANDO HEALTH AND REHABILITATION CENTER,ORANGE,1,1,0
ROSEWOOD HEALTH AND REHABILITATION CENTER,ORANGE,1,1,0
SAVANNAH COURT OF MAITLAND,ORANGE,1,1,0
SONATA WEST,ORANGE,1,1,0
WINKLER COURT,LEE,1,1,0
REHAB & HEALTHCARE CENTER OF CAPE CORAL,LEE,1,1,0
WILLISTON CARE CENTER,LEVY,1,1,0
BROOKDALE BRADENTON GARDENS,MANATEE,1,1,0
"WATER'S EDGE OF BRADENTON, LLC",MANATEE,1,1,0
HARBORCHASE OF PALM BEACH GARDENS,PALM BEACH,1,1,0
MANGROVE BAY,PALM BEACH,1,1,0
"GARDENS COURT, THE",PALM BEACH,1,1,0
FIVE STAR PREMIER RESIDENCES OF BOCA RATON,PALM BEACH,1,1,0
CONSULATE HEALTH CARE OF WEST PALM BEACH,PALM BEACH,1,1,0
CORAL BAY HEALTHCARE AND REHABILITATION,PALM BEACH,1,1,0
CRESTHAVEN,PALM BEACH,1,1,0
"CROSSINGS, THE",PALM BEACH,1,1,0
BROOKDALE WEST BOYNTON BEACH,PALM BEACH,1,1,0
BROOKDALE WEST PALM BEACH,PALM BEACH,1,1,0
BRIGHTON GARDENS OF BOCA RATON,PALM BEACH,1,1,0
"AVANTE AT LAKE WORTH, INC.",PALM BEACH,1,1,0
ADDINGTON PLACE AT WELLINGTON GREEN,PALM BEACH,1,1,0
1 AAA ASSISTED LIVING AT WELLINGTON,PALM BEACH,1,1,0
SERENADES BY SONATA - WEST ORANGE,ORANGE,1,1,0
PALM CITY NURSING AND REHAB CENTER,MARTIN,1,1,0
ALLEGRO,PALM BEACH,1,1,0
"TERRACE COMMUNITIES TEQUESTA , LLC",PALM BEACH,1,1,0
VI AT LAKESIDE VILLAGE,PALM BEACH,1,1,0
ABBEY REHABILITATION AND NURSING CENTER,PINELLAS,1,1,0
ADDINGTON PLACE OF EAST LAKE,PINELLAS,1,1,0
SAVANNAH COURT OF THE PALM BEACHES,PALM BEACH,1,1,0
THE CLUB AT BOYNTON BEACH,PALM BEACH,1,1,0
THE MERIDIAN AT BOCA RATON,PALM BEACH,1,1,0
PACIFICA SENIOR LIVING OF PALM BEACH,PALM BEACH,1,1,0
PARKSIDE INN,PALM BEACH,1,1,0
MENORAH HOUSE,PALM BEACH,1,1,0
WOODLAND TOWERS,VOLUSIA,1,1,0
BROOKDALE ORMOND BEACH WEST,VOLUSIA,1,1,0
GRAND VILLA OF DELAND,VOLUSIA,1,1,0
ORANGE CITY NURSING AND REHAB CENTER,VOLUSIA,1,1,0
ORMOND IN THE PINES,VOLUSIA,0,0,0
PARKSIDE HEALTH AND REHABILITATION CENTER,VOLUSIA,0,0,0
PORT ORANGE NURSING AND REHAB CENTER,VOLUSIA,0,0,0
RIDGECREST NURSING AND REHABILITATION CENTER,VOLUSIA,0,0,0
"SPRINGS OF PARC HILL, THE",VOLUSIA,0,0,0
THE OPAL AT ORMOND BEACH,VOLUSIA,0,0,0
UNIVERSITY EAST REHABILITATION CENTER,VOLUSIA,0,0,0
VILLA HEALTH & REHABILITATION CENTER,VOLUSIA,0,0,0
GROVES AT ALLIANCE COMMUNITY (THE),VOLUSIA,0,0,0
HERITAGE WATERSIDE LLC,VOLUSIA,0,0,0
INDIGO MANOR,VOLUSIA,0,0,0
INDIGO PALMS AT THE MANOR,VOLUSIA,0,0,0
"JOHN KNOX VILLAGE OF CENTRAL FLORIDA, INC.",VOLUSIA,0,0,0
"MAGNOLIA MANOR AT DAYTONA BEACH, LLC",VOLUSIA,0,0,0
MAJESTIC OAKS,VOLUSIA,0,0,0
"CERTUS OC OPCO, LLC",VOLUSIA,0,0,0
"CLOISTERS OF DELAND, THE",VOLUSIA,0,0,0
COASTAL HEALTH AND REHABILITATION CENTER,VOLUSIA,0,0,0
EDEN SPRINGS NURSING AND REHAB CENTER,WAKULLA,0,0,0
BROXTON'S A. L. F. HOMES,WASHINGTON,0,0,0
GRANDVIEW ASSISTED LIVING LLC,WASHINGTON,0,0,0
"MOORE CARE ASSISTED LIVING FACILITY, LLC",PALM BEACH,0,0,0
MORSELIFE MEMORY CARE RESIDENCE,PALM BEACH,0,0,0
NURSING CENTER AT LA POSADA,PALM BEACH,0,0,0
OAKBRIDGE TERRACE AL RESIDENCE AT ST ANDREWS ESTATES,PALM BEACH,0,0,0
MANORCARE HEALTH SERVICES WEST PALM BEACH,PALM BEACH,0,0,0
PLEASANT RETIREMENT HOME INC,PALM BEACH,0,0,0
PALM'S EDGE ASSISTED LIVING AND MEMORY CARE,PALM BEACH,0,0,0
THE MERIDIAN AT LANTANA,PALM BEACH,0,0,0
TRADITION OF THE PALM BEACHES (THE),PALM BEACH,0,0,0
"VERANDA CLUB ASSISTED LIVING, THE",PALM BEACH,0,0,0
THE LANDING OF LAKE WORTH,PALM BEACH,0,0,0
TEQUESTA TERRACE,PALM BEACH,0,0,0
ROYAL PALM BEACH HEALTH AND REHABILITATION CENTER,PALM BEACH,0,0,0
RUSTIC RETREAT,PALM BEACH,0,0,0
SONATA DELRAY BEACH,PALM BEACH,0,0,0
SONATA BOCA RATON,PALM BEACH,0,0,0
ADVANCED CARE CENTER,PINELLAS,0,0,0
ALCOVE ASSISTED LIVING FACILITY,PINELLAS,0,0,0
ALHAMBRA HEALTH AND REHABILITATION CENTER,PINELLAS,0,0,0
ALPINE HEALTH AND REHABILITATION CENTER,PINELLAS,0,0,0
AMELIA ALF,PINELLAS,0,0,0
ANGEL CARE ASSISTED LIVING FACILITY,PINELLAS,0,0,0
ADDINGTON PLACE AT COLLEGE HARBOR,PINELLAS,0,0,0
BAYOU GARDENS,PINELLAS,0,0,0
BAYSIDE CARE CENTER,PINELLAS,0,0,0
BAYSIDE TERRACE,PINELLAS,0,0,0
BAYTREE LAKESIDE,PINELLAS,0,0,0
BELLEAIR HEALTH CARE CENTER,PINELLAS,0,0,0
BEST CARE ALF,PINELLAS,0,0,0
BLOOM AT ST PETERSBURG,PINELLAS,0,0,0
HEATHER HILL HEALTHCARE CENTER,PASCO,0,0,0
HERITAGE PARK HEALTH AND REHABILITATION CENTER,PASCO,0,0,0
HOME SWEET HOME ASSISTED LIVING OF NEW PORT RICHEY,PASCO,0,0,0
KEYSTONE PLACE AT TERRA BELLA,PASCO,0,0,0
LIFE CARE CENTER OF NEW PORT RICHEY,PASCO,0,0,0
MADISON POINTE CARE CENTER,PASCO,0,0,0
SOLARIS HEALTHCARE BAYONET POINT,PASCO,0,0,0
SUN COAST RETREAT,PASCO,0,0,0
TRINITY REGIONAL REHAB CENTER,PASCO,0,0,0
WATERMARK AT TRINITY (THE),PASCO,0,0,0
WELLSPRING ASSISTED LIVING FACILITY,PASCO,0,0,0
WESTBROOKE MANOR,PASCO,0,0,0
WILLOWBROOKE COURT SKILLED CARE CENTER- EDGEWATER AT BOCA POINTE,PALM BEACH,0,0,0
WOOD LAKE HEALTH AND REHABILITATION CENTER,PALM BEACH,0,0,0
YOURLIFE OF PALM BEACH GARDENS,PALM BEACH,0,0,0
ADVENTHEALTH CARE CENTER ZEPHYRHILLS SOUTH,PASCO,0,0,0
AMERICAN HOUSE ZEPHRYHILLS,PASCO,0,0,0
AMERICAN WELL CARE LLC,PASCO,0,0,0
ANGELS SENIOR LIVING AT CONNERTON COURT LLC,PASCO,0,0,0
BALDOMERO LOPEZ MEMORIAL VETERANS NURSING HOME,PASCO,0,0,0
BROOKDALE NEW PORT RICHEY,PASCO,0,0,0
CONSULATE HEALTH CARE OF BAYONET POINT,PASCO,0,0,0
CONSULATE HEALTH CARE OF NEW PORT RICHEY,PASCO,0,0,0
FOREST GLEN LODGES,PASCO,0,0,0
GRAND VILLA OF NEW PORT RICHEY,PASCO,0,0,0
SOLARIS HEALTHCARE LAKE BENNET,ORANGE,0,0,0
SOLARIS HEALTHCARE WINDERMERE,ORANGE,0,0,0
ARDEN COURTS OF DELRAY BEACH,PALM BEACH,0,0,0
ATRIA AT VILLAGES OF WINDSOR,PALM BEACH,0,0,0
ATRIA MERIDIAN,PALM BEACH,0,0,0
ATRIA PARK OF ST JOSEPH'S,PALM BEACH,0,0,0
"ATRIUM AT BOCA RATON, THE",PALM BEACH,0,0,0
ABBEY DELRAY,PALM BEACH,0,0,0
ABBEY DELRAY ASSISTED LIVING AND MEMORY CARE,PALM BEACH,0,0,0
ADDINGTON PLACE JUPITER,PALM BEACH,0,0,0
ADVENT SQUARE,PALM BEACH,0,0,0
BALMORE PLACE ASSISTED LIVING FACILITY,PALM BEACH,0,0,0
BANYAN PLACE,PALM BEACH,0,0,0
BARRINGTON TERRACE AT BOYNTON BEACH,PALM BEACH,0,0,0
BARRINGTON TERRACE OF BOYNTON BEACH,PALM BEACH,0,0,0
BOCA RATON REHABILITATION CENTER,PALM BEACH,0,0,0
BROOKDALE PALM BEACH GARDENS,PALM BEACH,0,0,0
CASA BELLA HOME CARE INC,PALM BEACH,0,0,0
"CHATSWORTH AT PGA NATIONAL, LLC",PALM BEACH,0,0,0
"COLONIAL ASSISTED LIVING AT BOYNTON BEACH, FL",PALM BEACH,0,0,0
COLONIAL ASSISTED LIVING AT WEST PALM BEACH FL,PALM BEACH,0,0,0
DARCY HALL OF LIFE CARE,PALM BEACH,0,0,0
"DIOSARK, INC.",PALM BEACH,0,0,0
DISCOVERY VILLAGE AT BOYNTON BEACH AL,PALM BEACH,0,0,0
EMMANUEL CARE ASSISTED LIVING FACILITY II,PALM BEACH,0,0,0
"ENCORE AT BOCA RATON REHABILITATION AND NURSING CENTER, LLC, THE",PALM BEACH,0,0,0
FINNISH-AMERICAN VILLAGE,PALM BEACH,0,0,0
COURTYARD GARDENS SENIOR LIVING,PALM BEACH,0,0,0
FLORIDA MENTOR,PALM BEACH,0,0,0
LAKESIDE HEALTH CENTER,PALM BEACH,0,0,0
"LOURDES-NOREEN MCKEEN RESIDENCE FOR GERIATRIC CARE, INC.",PALM BEACH,0,0,0
INN AT LA POSADA,PALM BEACH,0,0,0
JARC-RALES CAMPUS,PALM BEACH,0,0,0
"JOSEPH L. MORSE HEALTH CENTER, INC., THE",PALM BEACH,0,0,0
"JUPITER MEDICAL CENTER PAVILION, INC.",PALM BEACH,0,0,0
JUPITER REHABILITATION AND HEALTHCARE CENTER,PALM BEACH,0,0,0
HEALTH CENTER AT SINAI RESIDENCES,PALM BEACH,0,0,0
GOLDEN YEARS ALF,PALM BEACH,0,0,0
GRAND VILLA OF BOYNTON BEACH,PALM BEACH,0,0,0
GRAND VILLA OF DELRAY WEST,PALM BEACH,0,0,0
WESTMINSTER MANOR OF BRADENTON,MANATEE,0,0,0
WESTMINSTER POINT PLEASANT,MANATEE,0,0,0
WINDSOR OF LAKEWOOD RANCH (THE),MANATEE,0,0,0
A COTTAGE CALLED HOME LLC,MARION,0,0,0
BRIDGEWATER PARK HEALTH & REHABILITATION CENTER,MARION,0,0,0
BROOKDALE CANOPY OAKS,MARION,0,0,0
CANTERFIELD OF OCALA LLC,MARION,0,0,0
CHATHAM GLEN HEALTHCARE AND REHABILITATION CENTER,MARION,0,0,0
HAMPTON ALF AT 24TH ROAD LLC,MARION,0,0,0
HAMPTON ALF AT BELLEVIEW LLC,MARION,0,0,0
HAWTHORNE HEALTH AND REHAB OF OCALA,MARION,0,0,0
OAKHURST CENTER,MARION,0,0,0
PADDOCK RIDGE,MARION,0,0,0
THE LODGE HEALTH AND REHABILITATION CENTER,MARION,0,0,0
TIMBERRIDGE NURSING & REHABILITATION CENTER,MARION,0,0,0
ADDINGTON PLACE STUART,MARTIN,0,0,0
BROOKDALE JENSEN BEACH,MARTIN,0,0,0
BROOKDALE STUART,MARTIN,0,0,0
DISCOVERY VILLAGE AT STUART,MARTIN,0,0,0
FLORIDA MENTOR,MARTIN,0,0,0
GRAND OAKS OF JENSEN BEACH,MARTIN,0,0,0
SURREY PLACE HEALTHCARE AND REHABILITATION,MANATEE,0,0,0
THE SHERIDAN AT LAKEWOOD RANCH,MANATEE,0,0,0
VILLAS OF HOLLY BROOK - BRADENTON COVE,MANATEE,0,0,0
NATIONAL CHURCH RESIDENCES OF BRADENTON FL INC,MANATEE,0,0,0
NEURORESTORATIVE FLORIDA,MANATEE,0,0,0
"NURSING CENTER AT FREEDOM VILLAGE, THE",MANATEE,0,0,0
LIFE CARE CENTER OF SARASOTA,MANATEE,0,0,0
LILY'S PROMISE LLC,MANATEE,0,0,0
MANATEE RIVER ASSISTED LIVING LLC,MANATEE,0,0,0
COTTAGES OF BRADENTON (THE),MANATEE,0,0,0
DISCOVERY VILLAGE AT SARASOTA BAY,MANATEE,0,0,0
ELAN MANATEE,MANATEE,0,0,0
BROOKDALE PALMA SOLA,MANATEE,0,0,0
BRADENTON OAKS,MANATEE,0,0,0
MADISON HEALTH AND REHABILITATION CENTER,MADISON,0,0,0
BAY VUE NURSING AND REHABILITATION CENTER,MANATEE,0,0,0
CROSSWINDS HEALTH AND REHABILITATION CENTER,MADISON,0,0,0
"SUNRISE COMMUNITY, INC.",LEE,0,0,0
TAPESTRY SENIOR LIVING OF TALLAHASSEE,LEON,0,0,0
WESTMINSTER OAKS,LEON,0,0,0
WOODMONT A PACIFICA SENIOR LIVING COMMUNITY,LEON,0,0,0
RENAISSANCE AT THE TERRACES,LEE,0,0,0
ROSARIO ASSISTED LIVING FACILITY,LEE,0,0,0
SHELL POINT NURSING PAVILION,LEE,0,0,0
SIGNATURE HEALTHCARE AT COLLEGE PARK,LEE,0,0,0
"SPRINGS AT SHELL POINT RETIREMENT COMMUNITY, THE",LEE,0,0,0
PALMS OF FORT MYERS,LEE,0,0,0
PALMVIEW AT GULF COAST VILLAGE,LEE,0,0,0
PONDELLA RESIDENTIAL CARE LLC,LEE,0,0,0
WOODLANDS (THE),LEE,0,0,0
ALLEGRO,LEON,0,0,0
"CANTERFIELD OF TALLAHASSEE, LLC",LEON,0,0,0
"MIRACLE HILL NURSING AND REHABILITATION CENTER, INC",LEON,0,0,0
SEVEN HILLS HEALTH & REHABILITATION CENTER,LEON,0,0,0
"SUNRISE COMMUNITY, INC.",LEON,0,0,0
SPRING HILLS HUNTER'S CREEK,ORANGE,0,0,0
TERRA VISTA REHAB AND HEALTH CENTER,ORANGE,0,0,0
THE ROSE GARDEN OF ORLANDO,ORANGE,0,0,0
VIVANT AT VERSAILLES,ORANGE,0,0,0
WESTCHESTER OF WINTER PARK,ORANGE,0,0,0
WESTMINSTER BALDWIN PARK,ORANGE,0,0,0
WESTMINSTER WINTER PARK,ORANGE,0,0,0
WINTER GARDEN REHABILITATION AND NURSING CENTER,ORANGE,0,0,0
WINTER PARK CARE & REHABILITATION CENTER,ORANGE,0,0,0
AMBER LAKE ASSISTED LIVING FACILITY,OSCEOLA,0,0,0
"AVANTE AT ST. CLOUD, INC.",OSCEOLA,0,0,0
ELITE MANOR - KISSIMMEE,OSCEOLA,0,0,0
GOOD SAMARITAN SOCIETY-KISSIMMEE VILLAGE,OSCEOLA,0,0,0
KEYSTONE REHABILITATION AND HEALTH CENTER,OSCEOLA,0,0,0
PLANTATION BAY REHABILITATION CENTER,OSCEOLA,0,0,0
SAVANNAH COURT OF ST CLOUD,OSCEOLA,0,0,0
SOLARIS HEALTHCARE OSCEOLA,OSCEOLA,0,0,0
SONATA HUNTER'S CREEK,OSCEOLA,0,0,0
"TERRACE OF KISSIMMEE, THE",OSCEOLA,0,0,0
TERRACE OF ST CLOUD THE,OSCEOLA,0,0,0
SAVANNAH COVE,ORANGE,0,0,0
PALM GARDEN OF ORLANDO,ORANGE,0,0,0
REGENTS PARK OF WINTER PARK,ORANGE,0,0,0
"REHABILITATION CENTER OF WINTER PARK, THE",ORANGE,0,0,0
RIO PINAR HEALTH CARE,ORANGE,0,0,0
METRO WEST NURSING AND REHAB CENTER,ORANGE,0,0,0
THE CABANA AT JENSEN DUNES,MARTIN,0,0,0
WATER'S EDGE ASSISTED LIVING,MARTIN,0,0,0
KEY WEST HEALTH AND REHABILITATION CENTER,MONROE,0,0,0
POINCIANA GARDENS,MONROE,0,0,0
"DAYSPRING VILLAGE, INC",NASSAU,0,0,0
FERNANDINA BEACH REHABILITATION AND NURSING CENTER,NASSAU,0,0,0
HENDRICKS,NASSAU,0,0,0
MINER NORTH,NASSAU,0,0,0
MINER SOUTH,NASSAU,0,0,0
THE LAKESIDE AT AMELIA ISLAND,NASSAU,0,0,0
BROOKDALE FORT WALTON BEACH,OKALOOSA,0,0,0
"CRESTVIEW REHABILITATION CENTER, LLC",OKALOOSA,0,0,0
DESTIN HEALTHCARE AND REHABILITATION CENTER,OKALOOSA,0,0,0
EMERALD COAST CENTER,OKALOOSA,0,0,0
FORT WALTON REHABILITATION CENTER LLC,OKALOOSA,0,0,0
STUART REHABILITATION AND HEALTHCARE,MARTIN,0,0,0
SYMPHONY AT STUART,MARTIN,0,0,0
MARTIN NURSING AND REHABILITATION,MARTIN,0,0,0
"SHERIDAN AT HOBE SOUND, THE",MARTIN,0,0,0
HAWTHORN HOUSE,OKALOOSA,0,0,0
"MANOR AT BLUE WATER BAY, THE",OKALOOSA,0,0,0
SHOAL CREEK REHABILITATION CENTER,OKALOOSA,0,0,0
SUPERIOR RESIDENCES OF NICEVILLE,OKALOOSA,0,0,0
OKEECHOBEE HEALTH CARE FACILITY,OKEECHOBEE,0,0,0
AASBURY MANOR ALF,ORANGE,0,0,0
ADVENTHEALTH CARE CENTER ORLANDO EAST,ORANGE,0,0,0
ADVENTHEALTH CARE CENTER ORLANDO NORTH,ORANGE,0,0,0
AVANTE AT ORLANDO INC.,ORANGE,0,0,0
AZPIRA OF WINDERMERE,ORANGE,0,0,0
BRIDGE ASSISTED LIVING AT LIFE CARE CENTER OF ORLANDO (THE),ORANGE,0,0,0
BROOKDALE CONWAY,ORANGE,0,0,0
BROOKDALE DR PHILLIPS MC,ORANGE,0,0,0
BROOKDALE WEKIWA SPRINGS,ORANGE,0,0,0
COMMONS AT ORLANDO LUTHERAN TOWERS,ORANGE,0,0,0
DELANEY PARK HEALTH AND REHABILITATION CENTER,ORANGE,0,0,0
ENCORE AT AVALON PARK,ORANGE,0,0,0
GENTRY PARK ORLANDO,ORANGE,0,0,0
"GRACE VILLA FACILITY, LLC",ORANGE,0,0,0
"GREEN TREE ASSISTED LIVING, LLC",ORANGE,0,0,0
GUARDIAN CARE NURSING & REHABILITATION CENTER,ORANGE,0,0,0
HARBORCHASE OF DR PHILLIPS,ORANGE,0,0,0
HEALTH CENTRAL PARK,ORANGE,0,0,0
HUNTERS CREEK NURSING AND REHAB CENTER,ORANGE,0,0,0
LAKE VIEW COURT,ORANGE,0,0,0
"LIFE CONCEPTS, INC.",ORANGE,0,0,0
MADISON AT OCOEE,ORANGE,0,0,0
MAYFLOWER ASSISTED LIVING FACILITY,ORANGE,0,0,0
MANGO PLACE,SARASOTA,0,0,0
MANORCARE HEALTH SERVICES,SARASOTA,0,0,0
MANORCARE HEALTH SERVICES SARASOTA,SARASOTA,0,0,0
NEUROINTERNATIONAL SARASOTA,SARASOTA,0,0,0
NORTH PORT REHABILITATION AND NURSING CENTER,SARASOTA,0,0,0
PINEBROOK CENTER,SARASOTA,0,0,0
PINES OF SARASOTA,SARASOTA,0,0,0
PLYMOUTH HARBOR INC,SARASOTA,0,0,0
POET'S WALK SARASOTA,SARASOTA,0,0,0
SARASOTA HEALTH AND REHABILITATION CENTER,SARASOTA,0,0,0
SARASOTA MEMORIAL NURSING AND REHABILITATION CENTER,SARASOTA,0,0,0
DESOTO PALMS LLC,SARASOTA,0,0,0
ELMCROFT OF BELLA VITA,SARASOTA,0,0,0
GLENRIDGE ON PALMER RANCH INC.,SARASOTA,0,0,0
GRAND VILLA OF SARASOTA,SARASOTA,0,0,0
HARBORCHASE OF SARASOTA,SARASOTA,0,0,0
HARBORCHASE OF VENICE,SARASOTA,0,0,0
HEARTLAND HEALTH CARE & REHABILITATION CENTER,SARASOTA,0,0,0
HEARTLAND HEALTH CARE CENTER - NORTH SARASOTA,SARASOTA,0,0,0
HERON HOUSE,SARASOTA,0,0,0
LIANA OF VENICE,SARASOTA,0,0,0
MAGNOLIA ACRES,SARASOTA,0,0,0
SPRINGWOOD CENTER,SARASOTA,0,0,0
SUNNYSIDE NURSING HOME,SARASOTA,0,0,0
BROOKDALE PALMER RANCH,SARASOTA,0,0,0
BROOKDALE PALMER RANCH SNF,SARASOTA,0,0,0
THE FOUNTAINS AT LAKE POINTE WOODS,SARASOTA,0,0,0
TINA'S ALF,SARASOTA,0,0,0
TUSCAN GARDENS OF VENETIA BAY,SARASOTA,0,0,0
VILLAGE ON THE ISLE,SARASOTA,0,0,0
ADVENTHEALTH CARE CENTER APOPKA SOUTH,SEMINOLE,0,0,0
ARDEN COURTS OF WINTER SPRINGS,SEMINOLE,0,0,0
BROOKDALE LAKE MARY,SEMINOLE,0,0,0
BROOKDALE LAKE ORIENTA,SEMINOLE,0,0,0
CASCADE HEIGHTS,SEMINOLE,0,0,0
SAMANTHA WILSON CARE CENTER,ST. JOHNS,0,0,0
"SILVER CREEK, ST AUGUSTINE LLC",ST. JOHNS,0,0,0
ST AUGUSTINE CENTER FOR LIVING,ST. JOHNS,0,0,0
ST AUGUSTINE HEALTH AND REHABILITATION CENTER,ST. JOHNS,0,0,0
STARLING AT NOCATEE,ST. JOHNS,0,0,0
ABBIEJEAN RUSSELL CARE CENTER LLC,ST. LUCIE,0,0,0
"ACADEMY ASSISTED LIVING FACILITY, INC",ST. LUCIE,0,0,0
AURORA OF THE TREASURE COAST,ST. LUCIE,0,0,0
"AVALON FAMILY RESORT ASSISTED LIVING, LLC",ST. LUCIE,0,0,0
ALLEGRO,ST. JOHNS,0,0,0
CLYDE E LASSEN STATE VETERANS NURSING HOME,ST. JOHNS,0,0,0
PAVILION AT BAYVIEW (THE),ST. JOHNS,0,0,0
LYNMOORE ST LUCIE LAWNWOOD AND MEMORY CARE (THE),ST. LUCIE,0,0,0
PALM GARDEN OF PORT ST. LUCIE,ST. LUCIE,0,0,0
PORT ST. LUCIE REHABILITATION AND HEALTHCARE,ST. LUCIE,0,0,0
SANDGATE GARDENS REHAB AND NURSING CENTER,ST. LUCIE,0,0,0
SENIOR PARADISE LLC,ST. LUCIE,0,0,0
OAKMONTE VILLAGE OF LAKE MARY - CORDOVA,SEMINOLE,0,0,0
PALMETTO LANDING,SEMINOLE,0,0,0
QUEEN ELAINE ASSISTED LIVING FACILITY LLC,SEMINOLE,0,0,0
RENAISSANCE RETIREMENT CENTER,SEMINOLE,0,0,0
SAVANNAH COTTAGE OF OVIEDO,SEMINOLE,0,0,0
SERENADES BY SONATA,SEMINOLE,0,0,0
STRIVE AT FERN PARK,SEMINOLE,0,0,0
TUSKAWILLA NURSING AND REHAB CENTER,SEMINOLE,0,0,0
HEALTHCARE AND REHAB OF SANFORD,SEMINOLE,0,0,0
HSRE-ASL CASSELBERRY TRS LLC,SEMINOLE,0,0,0
LIFE CARE CENTER OF ALTAMONTE SPRINGS,SEMINOLE,0,0,0
LONGWOOD HEALTH AND REHABILITATION CENTER,SEMINOLE,0,0,0
LUTHERAN HAVEN ASSISTED LIVING FACILITY,SEMINOLE,0,0,0
EASTBROOKE GARDENS,SEMINOLE,0,0,0
ENGLISH ESTATES ASSISTED LIVING FACILITY INC,SEMINOLE,0,0,0
FAITH HOUSE ASSISTED LIVING FACILITY,SEMINOLE,0,0,0
FERN PARK DEVELOPMENTAL CENTER,SEMINOLE,0,0,0
GRACIOUS AGE,SEMINOLE,0,0,0
VICTORIA LANDING ALF,STATE,0,0,0
HARTS HARBOR HEALTH CARE CENTER,STATE,0,0,0
INSPIRED LIVING AT TAMPA,STATE,0,0,0
JOHN KNOX VILLAGE OF FLORIDA INC.,STATE,0,0,0
OSPREY POINT NURSING CENTER,STATE,0,0,0
PACIFICA SENIOR LIVING OCALA,STATE,0,0,0
PATRICK MANOR INC,STATE,0,0,0
PENSACOLA DEVELOPMENTAL CENTER,STATE,0,0,0
PRINCETON VILLAGE OF PALM COAST,STATE,0,0,0
ROSEWOOD HEALTHCARE AND REHABILITATION CENTER,STATE,0,0,0
SOUTHERN OAKS CARE CENTER,STATE,0,0,0
SPRINGS AT SHELL POINT RETIREMENT COMMUNITY THE,STATE,0,0,0
EAST RIDGE RETIREMENT VILLAGE INC,STATE,0,0,0
FAIR HAVENS CENTER,STATE,0,0,0
FORT MYERS REHABILITATION AND NURSING CENTER,STATE,0,0,0
BROOKSHIRE (THE),STATE,0,0,0
COURT AT PALM AIRE THE,STATE,0,0,0
BRADENTON HEALTH CARE,STATE,0,0,0
WATERCREST OF ST LUCIE WEST ASSISTED LIVING AND MEMORY CARE,ST. LUCIE,0,0,0
ABBEY DELRAY HEALTH CENTER,STATE,0,0,0
BARRINGTON TERRACE AT BOYNTON BEACH,STATE,0,0,0
BAY BREEZE HEALTH AND REHABILITATION CENTER,STATE,0,0,0
UCO GOLDEN GLADES GROUP HOME,UNKNOWN,0,0,0
ALLIANCE HEALTH AND REHABILITATION CENTER,VOLUSIA,0,0,0
"AVANTE AT ORMOND BEACH, INC",VOLUSIA,0,0,0
BRIDGEVIEW CENTER,VOLUSIA,0,0,0
BROOKDALE ORMOND BEACH,VOLUSIA,0,0,0
DAYTONA BEACH HEALTH AND REHABILITATION CENTER,VOLUSIA,0,0,0
DEBARY HEALTH AND REHABILITATION CENTER,VOLUSIA,0,0,0
DELTONA HEALTH CARE,VOLUSIA,0,0,0
EMORY L BENNETT MEMORIAL VETERANS NURSING HOME,VOLUSIA,0,0,0
EVERGREEN ALF,VOLUSIA,0,0,0
"GARDENS HEALTH & REHABILITATION CENTER, THE",VOLUSIA,0,0,0
GOLD CHOICE DELTONA,VOLUSIA,0,0,0
GOOD SAMARITAN SOCIETY-DAYTONA,VOLUSIA,0,0,0
GOOD SAMARITAN SOCIETY-FLORIDA LUTHERAN,VOLUSIA,0,0,0
ST ANDREWS ESTATES,UNKNOWN,0,0,0
ACTS DREW PARK,UNKNOWN,0,0,0
BAYVIEW EUSTIS,UNKNOWN,0,0,0
BUCK POINT GROUP HOME,UNKNOWN,0,0,0
SERENADES IN THE VILLAGES,SUMTER,0,0,0
SUMTER PLACE IN THE VILLAGES,SUMTER,0,0,0
THE WILLOWS AT WILDWOOD,SUMTER,0,0,0
DACIER MANOR,SUWANNEE,0,0,0
GOOD SAMARITAN CENTER,SUWANNEE,0,0,0
WOOD LAKE HEALTH AND REHABILITATION CENTER,STATE,0,0,0
BROOKDALE PLACE AT FREEDOM POINTE,SUMTER,0,0,0
BUFFALO CROSSING HEALTHCARE AND REHABILITATION CENTER,SUMTER,0,0,0
CYPRESS CARE CENTER,SUMTER,0,0,0
ELAN BUENA VISTA,SUMTER,0,0,0
MISSION OAKS,SUMTER,0,0,0
MASONIC HOME OF FLORIDA,PINELLAS,0,0,0
MEASE ASSISTED LIVING,PINELLAS,0,0,0
MEASE MANOR MEMORY CARE,PINELLAS,0,0,0
MORTON PLANT REHABILITATION CENTER,PINELLAS,0,0,0
NEURORESTORATIVE FLORIDA,PINELLAS,0,0,0
"HOUSE OF BOSTICS, LLC (THE)",PINELLAS,0,0,0
IMMACULATE HOUSE AT COUNTRYSIDE,PINELLAS,0,0,0
HERITAGE HOUSE,PINELLAS,0,0,0
HERON HOUSE OF LARGO,PINELLAS,0,0,0
KENSINGTON GARDENS REHAB AND NURSING CENTER,PINELLAS,0,0,0
KR AT COLLEGE HARBOR,PINELLAS,0,0,0
LAKE HOUSE ASSISTED LIVING,PINELLAS,0,0,0
LAKESIDE OAKS CARE CENTER,PINELLAS,0,0,0
LAURELLWOOD CARE CENTER,PINELLAS,0,0,0
LEXINGTON HEALTH AND REHABILITATION CENTER,PINELLAS,0,0,0
LOVING CARE ASSISTED LIVING LLC,PINELLAS,0,0,0
PINELLAS POINT NURSING AND REHAB CENTER,PINELLAS,0,0,0
REGAL PALMS,PINELLAS,0,0,0
"PARC, INC",PINELLAS,0,0,0
"PARC, INC.",PINELLAS,0,0,0
SEASONS LARGO,PINELLAS,0,0,0
OAK MANOR HEALTHCARE & REHABILITATION CENTER,PINELLAS,0,0,0
"OAKS OF CLEARWATER, THE",PINELLAS,0,0,0
PACIFICA SENIOR LIVING OF BELLEAIR,PINELLAS,0,0,0
PALM GARDEN OF LARGO,PINELLAS,0,0,0
INN AT THE FOUNTAINS,PINELLAS,0,0,0
CORAL OAKS,PINELLAS,0,0,0
COUNTRY INN,PINELLAS,0,0,0
COUNTRYSIDE REHAB AND HEALTHCARE CENTER,PINELLAS,0,0,0
CROSS TERRACE REHABILITATION CENTER,PINELLAS,0,0,0
CYPRESS PALMS,PINELLAS,0,0,0
EAST BAY REHABILITATION CENTER,PINELLAS,0,0,0
EGRET COVE CENTER,PINELLAS,0,0,0
FOUNDATIONAL HEALTH ALF,PINELLAS,0,0,0
BARRINGTON (THE),PINELLAS,0,0,0
BAY POINTE NURSING PAVILION,PINELLAS,0,0,0
BON SECOURS PLACE AT ST PETERSBURG,PINELLAS,0,0,0
BRENTWOOD SENIOR LIVING AT ST PETE,PINELLAS,0,0,0
BRISTOL COURT ASSISTED LIVING,PINELLAS,0,0,0
BROOKDALE TARPON SPRINGS,PINELLAS,0,0,0
GRAND VILLA OF PINELLAS PARK,PINELLAS,0,0,0
GRAND VILLA OF ST PETERSBURG,PINELLAS,0,0,0
HARBOURWOOD CARE CENTER,PINELLAS,0,0,0
CLEARWATER CENTER,PINELLAS,0,0,0
COLONNADE AT BECKETT LAKE (THE),PINELLAS,0,0,0
CONSULATE HEALTH CARE OF SAFETY HARBOR,PINELLAS,0,0,0
GATEWAY CARE CENTER,PINELLAS,0,0,0
GLEN OAKS HEALTH AND REHABILITATION CENTER,PINELLAS,0,0,0
GOLFVIEW HEALTHCARE CENTER,PINELLAS,0,0,0
GRAND VILLA OF CLEARWATER,PINELLAS,0,0,0
TARPON BAYOU CENTER,PINELLAS,0,0,0
THE PRESERVE AT CLEARWATER,PINELLAS,0,0,0
THE VILLAS AT LAKESIDE OAKS,PINELLAS,0,0,0
TIERRA PINES CENTER,PINELLAS,0,0,0
TOBY WEINMAN ASSISTED LIVING RESIDENCE AT MENORAH MANOR,PINELLAS,0,0,0
VILLAS OF CASA CELESTE (THE),PINELLAS,0,0,0
"SUNRISE COMMUNITY, INC.",PINELLAS,0,0,0
SUNSET HARBOR ASSISTED LIVING,PINELLAS,0,0,0
SUNSET POINT,PINELLAS,0,0,0
SYLVAN HEALTH CENTER,PINELLAS,0,0,0
SPRINGS AT BOCA CIEGA BAY,PINELLAS,0,0,0
ST MARK VILLAGE,PINELLAS,0,0,0
ST MARK VILLAGE INC,PINELLAS,0,0,0
SHORE ACRES CARE CENTER,PINELLAS,0,0,0
BARTOW CENTER,POLK,0,0,0
BEST CARE SENIOR LIVING AT WINTER HAVEN,POLK,0,0,0
WILD FLOWER INN,PINELLAS,0,0,0
WRIGHTS HEALTHCARE AND REHABILITATION CENTER,PINELLAS,0,0,0
WEST BAY OF TAMPA,PINELLAS,0,0,0
WESTCHESTER GARDENS HEALTH & REHABILITATION,PINELLAS,0,0,0
WESTMINSTER PALMS,PINELLAS,0,0,0
WESTMINSTER SHORES INC,PINELLAS,0,0,0
GRAND VILLA OF LAKELAND,POLK,0,0,0
HAINES CITY REHABILITATION AND NURSING CENTER,POLK,0,0,0
HAINES MANOR ALF,POLK,0,0,0
CONSULATE HEALTH CARE OF WINTER HAVEN,POLK,0,0,0
FLORIDA PRESBYTERIAN HOMES INC,POLK,0,0,0
GRACE HEALTHCARE OF LAKE WALES,POLK,0,0,0
VINTAGE CARE SENIOR HOUSING,PUTNAM,0,0,0
ARBORS OF GULF BREEZE,SANTA ROSA,0,0,0
BEEHIVE HOMES OF GULF BREEZE,SANTA ROSA,0,0,0
GULF BREEZE COURTYARD,SANTA ROSA,0,0,0
NAVARRE GARDENS ASSISTED LIVING FACILITY,SANTA ROSA,0,0,0
PRUITTHEALTH - SANTA ROSA,SANTA ROSA,0,0,0
SANDY RIDGE HEALTH AND REHABILITATION,SANTA ROSA,0,0,0
SANTA ROSA HEALTH & REHABILITATION CENTER,SANTA ROSA,0,0,0
THE BEACON AT GULF BREEZE,SANTA ROSA,0,0,0
THE WATERMARK OF GULF BREEZE,SANTA ROSA,0,0,0
VICTORIAN MANOR RETIREMENT CENTER INC,SANTA ROSA,0,0,0
CRESTWOOD NURSING CENTER,PUTNAM,0,0,0
BROOKDALE HIGHLANDS,POLK,0,0,0
BAY BREEZE HEALTH AND REHABILITATION CENTER,SARASOTA,0,0,0
BENEVA LAKES ASSISTED LIVING CENTER,SARASOTA,0,0,0
BENEVA LAKES HEALTHCARE AND REHABILITATION CENTER,SARASOTA,0,0,0
SAVANNAH COURT OF BARTOW,POLK,0,0,0
SAVANNAH COURT OF HAINES CITY,POLK,0,0,0
SAVANNAH COURT OF LAKE WALES,POLK,0,0,0
SCOTT LAKE HEALTH AND REHABILITATION CENTER,POLK,0,0,0
SPRING LAKE REHABILITATION CENTER,POLK,0,0,0
"SUNRISE COMMUNITY, INC.",POLK,0,0,0
THE GARDENS OF LAKE ALFRED,POLK,0,0,0
WATER'S EDGE OF LAKE WALES,POLK,0,0,0
WEDGEWOOD HEALTHCARE CENTER,POLK,0,0,0
LAKELAND MANOR ALF,POLK,0,0,0
LAKELAND NURSING & REHABILITATION,POLK,0,0,0
LIFE CARE CENTER OF WINTER HAVEN,POLK,0,0,0
"MANOR AT CARPENTERS, THE",POLK,0,0,0
MERRILL GARDENS AT CHAMPIONSGATE,POLK,0,0,0
"LAKE ALFRED ASSISTED LIVING AND RETIREMENT HOME, INC",POLK,0,0,0
LAKE GIBSON VILLAGE LLC,POLK,0,0,0
LAKE HOWARD HEIGHTS,POLK,0,0,0
CHARITY CARE INC,DADE,0,0,0
CALUSA ADULT CARE I,DADE,0,0,0
CALVINELLE WEST ALF INC,DADE,0,0,0
CAMILA PALACE CORP,DADE,0,0,0
"CARE AND LOVE RETIREMENT HOME, LLC",DADE,0,0,0
CARING HANDS ASSISTED LIVING II,DADE,0,0,0
DOVE QUALITY CARE LLC,DADE,0,0,0
DULCE HOGAR,DADE,0,0,0
EAST RIDGE RETIREMENT VILLAGE INC,DADE,0,0,0
"EAST RIDGE RETIREMENT VILLAGE, INC",DADE,0,0,0
EL EDEN CORP,DADE,0,0,0
EPWORTH VILLAGE RETIREMENT COMMUNITY,DADE,0,0,0
"HAINAT, INC",DADE,0,0,0
HIALEAH SHORES NURSING AND REHAB CENTER,DADE,0,0,0
ISA ADULT CARE,DADE,0,0,0
J R FAMILY CARE INC,DADE,0,0,0
JACKSON MEMORIAL PERDUE MEDICAL CENTER,DADE,0,0,0
HERITAGE NURSING AND REHABILITATION CENTER,DADE,0,0,0
HIALEAH ALF INC,DADE,0,0,0
FAIR HAVENS CENTER LLC,DADE,0,0,0
FLAMINGO CARE LLC,DADE,0,0,0
"NEW HOPE A.L.F., INC.",DADE,0,0,0
NEW MILLENNIUM ADULT CARE III,DADE,0,0,0
NOELITO ALF CORP,DADE,0,0,0
NORMANDY ESTATES ASSISTED LIVING LLC,DADE,0,0,0
MIRAMAR SENIOR LIVING III,DADE,0,0,0
NEW AGE ADULTCARE INC,DADE,0,0,0
OUR DREAM ALF,DADE,0,0,0
"OUR LADY OF CHARITY ACLF, INC",DADE,0,0,0
PALACE AT HOMESTEAD LLC,DADE,0,0,0
MAUD'S PLACE,DADE,0,0,0
MIA CASA AT NORTH MIAMI LLC,DADE,0,0,0
"MIAMI CEREBRAL PALSY RESIDENTIAL SERVICES, INC.",DADE,0,0,0
MIAMI JEWISH HEALTH SYSTEMS INC.,DADE,0,0,0
LAKEVIEW SENIOR CARE INC,DADE,0,0,0
LAS MERCEDES BOARDING HOME,DADE,0,0,0
LITTLE RIVER ASSISTED LIVING INC,DADE,0,0,0
LIVEWELL AT COURTYARD PLAZA,DADE,0,0,0
JC LOVING CARE CORP.,DADE,0,0,0
"JC LOVING HOME, INC",DADE,0,0,0
JEAN CARLOS ALF INC,DADE,0,0,0
KENDALL LAKES HEALTH AND REHABILITATION CENTER,DADE,0,0,0
VICK STREET MANOR,CHARLOTTE,0,0,0
ARBOR GLEN AT ARBOR TRACE,COLLIER,0,0,0
BARRINGTON TERRACE OF NAPLES,COLLIER,0,0,0
BEACH HOUSE NAPLES ASSISTED LIVING & MEMORY CARE,COLLIER,0,0,0
BENTLEY VILLAGE,COLLIER,0,0,0
BROOKDALE NORTH NAPLES,COLLIER,0,0,0
DISCOVERY VILLAGE AT NAPLES,COLLIER,0,0,0
GARDENS AT TERRACINA HEALTH & REHABILITATION,COLLIER,0,0,0
HARBORCHASE OF NAPLES,COLLIER,0,0,0
BROOKDALE ORANGE PARK,CLAY,0,0,0
CONSULATE HEALTH CARE OF ORANGE PARK,CLAY,0,0,0
LEXINGTON MANOR ASSISTED LIVING,CHARLOTTE,0,0,0
ARBOR TRAIL REHAB AND SKILLED NURSING CENTER,CITRUS,0,0,0
AVANTE AT INVERNESS INC,CITRUS,0,0,0
BROOKDALE CITRUS,CITRUS,0,0,0
CITRUS HEALTH AND REHABILITATION CENTER,CITRUS,0,0,0
CYPRESS COVE CARE CENTER,CITRUS,0,0,0
FLORIDA MENTOR,CITRUS,0,0,0
GRAND LIVING AT CITRUS HILLS,CITRUS,0,0,0
"GROVE HEALTH AND REHABILITATION CENTER, THE",CITRUS,0,0,0
LIFE CARE CENTER OF CITRUS COUNTY,CITRUS,0,0,0
SUNFLOWER SPRINGS LLC,CITRUS,0,0,0
ORCHID TERRACE,COLLIER,0,0,0
"PINEAPPLE HOUSE AT SAPPHIRE LAKES, THE",COLLIER,0,0,0
SOLARIS HEALTHCARE IMPERIAL,COLLIER,0,0,0
SOLARIS SENIOR LIVING NORTH NAPLES,COLLIER,0,0,0
TERRACINA GRAND,COLLIER,0,0,0
"THE ARLINGTON OF NAPLES, INC",COLLIER,0,0,0
TUSCANY VILLA OF NAPLES,COLLIER,0,0,0
WATERCREST NAPLES ASSISTED LIVING AND MEMORY CARE,COLLIER,0,0,0
AVALON HEALTHCARE CENTER,COLUMBIA,0,0,0
CANOPY AT HARPER LAKE (THE),COLUMBIA,0,0,0
"REHABILITATION CENTER OF LAKE CITY, THE",COLUMBIA,0,0,0
ROBERT H JENKINS JR VETERANS DOMICILIARY HOME OF FLORIDA,COLUMBIA,0,0,0
SOLARIS HEALTHCARE LAKE CITY,COLUMBIA,0,0,0
MEMORY CARE OF NAPLES,COLLIER,0,0,0
MOORINGS PARK OAKSTONE AT GREY OAKS,COLLIER,0,0,0
SIGNATURE HEALTHCARE OF ORANGE PARK,CLAY,0,0,0
KEYSTONE PLACE AT NAPLES PRESERVE,COLLIER,0,0,0
"KIVA AT CANTERBURY, LLC",COLLIER,0,0,0
"BOSCH ALF, INC",DADE,0,0,0
BAY OAKS HISTORIC RETIREMENT RESIDENCE INC,DADE,0,0,0
BLANCA AZUZENA HOME CARE INC,DADE,0,0,0
BLESSING ALF LLC,DADE,0,0,0
BLUE POINT HOME CARE INC,DADE,0,0,0
"AGING WORLD ALF, LLC",DADE,0,0,0
ALF MANAGEMENT AND PROFESSIONAL SERVICES INC,DADE,0,0,0
"ALF MANAGEMENT AND PROFESSIONAL SERVICES, INC",DADE,0,0,0
"AMA HOME CARE, INC",DADE,0,0,0
"AMANECER HOME ALF, LLC",DADE,0,0,0
"ASSISTED LIVING OF WESTCHESTER, LLC",DADE,0,0,0
NORTH LAKE RETIREMENT HOME INC,BROWARD,0,0,0
MAJESTIC MEMORY CARE CENTER,BROWARD,0,0,0
MANOR OAKS NURSING & REHABILITATION CENTER,BROWARD,0,0,0
"OMEGA GROUP OF SOUTH FLORIDA, INC.",BROWARD,0,0,0
PENINSULA (THE),BROWARD,0,0,0
PLANTATION NURSING & REHABILITATION CENTER,BROWARD,0,0,0
PRINCE ADAM'S PLACE LLC,BROWARD,0,0,0
REGENTS PARK OF SUNRISE,BROWARD,0,0,0
LINCOLN MANOR,BROWARD,0,0,0
LIVEWELL AT CORAL PLAZA,BROWARD,0,0,0
GRAND VILLA OF DEERFIELD BEACH,BROWARD,0,0,0
MIDTOWN MANOR,BROWARD,0,0,0
"JOHN KNOX VILLAGE OF FLORIDA, INC.",BROWARD,0,0,0
JOHN KNOX VILLAGE OF POMPANO BEACH,BROWARD,0,0,0
KELLY'S ASSISTED LIVING FACILITY,BROWARD,0,0,0
"LAKEVIEW RETIREMENT RESIDENCE, INC.",BROWARD,0,0,0
LEISURE LIVING OF VICTORIA PARK,BROWARD,0,0,0
LENOX ON THE LAKE (THE),BROWARD,0,0,0
BROOKDALE PORT CHARLOTTE,CHARLOTTE,0,0,0
CONSULATE HEALTH CARE OF PORT CHARLOTTE,CHARLOTTE,0,0,0
COURTYARD ASSISTED LIVING (THE),CHARLOTTE,0,0,0
DOUGLAS JACOBSON STATE VETERANS NURSING HOME,CHARLOTTE,0,0,0
HARBORVIEW ACRES INC,CHARLOTTE,0,0,0
PACIFICA SENIOR LIVING SUNRISE,BROWARD,0,0,0
"SUN COAST RESIDENTIAL CARE, INC.",BROWARD,0,0,0
SUNRISE HEALTH AND REHABILITATION CENTER,BROWARD,0,0,0
SPRINGTREE REHABILITATION & HEALTH CARE CENTER,BROWARD,0,0,0
ST JOSEPH RESIDENCE INC.,BROWARD,0,0,0
"ST JOSEPH RESIDENCE, INC.",BROWARD,0,0,0
SEAVIEW NURSING AND REHABILITATION CENTER,BROWARD,0,0,0
"SHERIDAN MANOR, INC.",BROWARD,0,0,0
SOLARIS HEALTHCARE COCONUT CREEK,BROWARD,0,0,0
THE INN AT ASTON GARDENS,BROWARD,0,0,0
THE MERIDIAN AT WATERWAYS,BROWARD,0,0,0
THE PRESERVE AT PALM AIRE,BROWARD,0,0,0
THE RESIDENCE AT DANIA BEACH,BROWARD,0,0,0
THE SHERIDAN AT COOPER CITY,BROWARD,0,0,0
TREEMONT ON THE PARK,BROWARD,0,0,0
VILLA RIO VISTA,BROWARD,0,0,0
WEST BROWARD REHABILITATION AND HEALTHCARE,BROWARD,0,0,0
WESTCHESTER OF SUNRISE,BROWARD,0,0,0
WILTON MANORS HEALTH & REHABILITATION CENTER,BROWARD,0,0,0
WINDSOR PLACE RETIREMENT HOME,BROWARD,0,0,0
BROOKDALE PANAMA CITY,BAY,0,0,0
CLIFFORD CHESTER SIMS STATE VETERANS NURSING HOME,BAY,0,0,0
PANAMA CITY DEVELOPMENTAL CENTER,BAY,0,0,0
PRUITTHEALTH - PANAMA CITY,BAY,0,0,0
ST ANDREWS BAY SKILLED NURSING AND REHABILITATION CENTER,BAY,0,0,0
SUMMER'S LANDING LLC,BAY,0,0,0
RIVERWOOD HEALTH & REHABILITATION CENTER,BRADFORD,0,0,0
SIGNATURE HEALTHCARE OF GAINESVILLE,ALACHUA,0,0,0
TACACHALE - FACILITY IV,ALACHUA,0,0,0
TERRACE HEALTH & REHABILITATION CENTER,ALACHUA,0,0,0
WINDSOR OF GAINESVILLE ASSISTED LIVING & MEMORY CARE THE,ALACHUA,0,0,0
BROOKDALE GAINESVILLE SOUTHWEST,ALACHUA,0,0,0
HARBORCHASE OF GAINESVILLE,ALACHUA,0,0,0
HUNTER'S CROSSING PLACE-ASSISTED LIVING,ALACHUA,0,0,0
NORTH FLORIDA RETIREMENT VILLAGE,ALACHUA,0,0,0
OAK HAMMOCK AT THE UNIVERSITY OF FLORIDA,ALACHUA,0,0,0
OAK HAMMOCK AT THE UNIVERSITY OF FLORIDA INC,ALACHUA,0,0,0
PALM GARDEN OF GAINESVILLE,ALACHUA,0,0,0
HIBISCUS COURT,BREVARD,0,0,0
INDIAN RIVER CENTER,BREVARD,0,0,0
ISLAND HEALTH AND REHABILITATION CENTER,BREVARD,0,0,0
"J & K ASSISTED LIVING, INC",BREVARD,0,0,0
LIFE CARE CENTER OF PALM BAY,BREVARD,0,0,0
MELBOURNE TERRACE REHABILITATION CENTER,BREVARD,0,0,0
"PALMS REHABILITATION AND HEALTHCARE CENTER, THE",BREVARD,0,0,0
ROCKLEDGE HEALTH AND REHABILITATION CENTER,BREVARD,0,0,0
SOLARIS HEALTHCARE MERRITT ISLAND,BREVARD,0,0,0
SONATA VIERA,BREVARD,0,0,0
TITUSVILLE REHABILITATION AND NURSING CENTER,BREVARD,0,0,0
VIERA DEL MAR HEALTH AND REHABILITATION CENTER,BREVARD,0,0,0
VIERA HEALTH AND REHABILITATION CENTER,BREVARD,0,0,0
WAVE CREST HEALTH AND REHABILITATION CENTER,BREVARD,0,0,0
WEST MELBOURNE HEALTH & REHABILITATION CENTER,BREVARD,0,0,0
ZON BEACHSIDE LLC,BREVARD,0,0,0
ACTIVE SENIOR LIVING RESIDENCE,BROWARD,0,0,0
EMBASSY RETIREMENT HOME OF MARGATE,BROWARD,0,0,0
EMERALD PARK OF HOLLYWOOD,BROWARD,0,0,0
FALSDA,BROWARD,0,0,0
FLAMINGO ALF,BROWARD,0,0,0
FORUM AT DEER CREEK,BROWARD,0,0,0
FT LAUDERDALE HEALTH AND REHABILITATION CENTER,BROWARD,0,0,0
GLADES WEST REHABILITATION AND NURSING CENTER,BROWARD,0,0,0
GOLDEN AGE MANOR ALF,BROWARD,0,0,0
"CHILDREN'S COMPREHENSIVE CARE CENTER, INC.",BROWARD,0,0,0
CROSS POINTE CARE CENTER,BROWARD,0,0,0
DEERFIELD BEACH HEALTH AND REHABILITATION CENTER,BROWARD,0,0,0
COVENANT LIVING OF FLORIDA,BROWARD,0,0,0
AVALON PARK RETIREMENT RESIDENCE INC.,BROWARD,0,0,0
ALLEGRO,BROWARD,0,0,0
"APOLLO GARDENS RETIREMENT RESIDENCE CARE, INC.",BROWARD,0,0,0
ARTIS SENIOR LIVING OF DAVIE LLC,BROWARD,0,0,0
ATRIA TAMARAC,BROWARD,0,0,0
ADDINGTON PLACE OF TITUSVILLE,BREVARD,0,0,0
ATLANTIC SHORES NURSING AND REHAB CENTER,BREVARD,0,0,0
AUTUMN HOUSE,BREVARD,0,0,0
AVANTE AT MELBOURNE INC,BREVARD,0,0,0
CHATEAU MADELEINE,BREVARD,0,0,0
CRESCENT WOOD,BREVARD,0,0,0
DISCOVERY VILLAGE AT MELBOURNE,BREVARD,0,0,0
ELITE GARDEN ROCKLEDGE LLC,BREVARD,0,0,0
FARRINGTON HOUSE ASSISTED LIVING FACILITY,BREVARD,0,0,0
GRAND VILLA OF MELBOURNE,BREVARD,0,0,0
PALM GARDEN OF VERO BEACH,INDIAN RIVER,0,0,0
PELICAN LANDING ASSISTED LIVING AND MEMORY CARE,INDIAN RIVER,0,0,0
RENAISSANCE SENIOR LIVING,INDIAN RIVER,0,0,0
WOODBRIDGE CARE CENTER,HILLSBOROUGH,0,0,0
YBOR CITY HEALTHCARE AND REHABILITATION CENTER,HILLSBOROUGH,0,0,0
BONIFAY NURSING AND REHAB CENTER,HOLMES,0,0,0
CONSULATE HEALTH CARE OF VERO BEACH,INDIAN RIVER,0,0,0
GRACE REHABILITATION CENTER OF VERO BEACH,INDIAN RIVER,0,0,0
GREEN GABLES ASSISTED LIVING,INDIAN RIVER,0,0,0
THE CROSSING AT RIVERVIEW,HILLSBOROUGH,0,0,0
THE INN AT UNIVERSITY VILLAGE,HILLSBOROUGH,0,0,0
THE INN AT UNIVERSITY VILLAGE ASSISTED LIVING,HILLSBOROUGH,0,0,0
TWIN CREEKS ASSISTED LIVING AND MEMORY CARE,HILLSBOROUGH,0,0,0
WEINBERG VILLAGE,HILLSBOROUGH,0,0,0
PLAZA WEST,HILLSBOROUGH,0,0,0
HAWTHORNE INN OF BRANDON,HILLSBOROUGH,0,0,0
HILLSBOROUGH COUNTY DEVELOPMENTAL CENTER,HILLSBOROUGH,0,0,0
SEA BREEZE REHAB AND NURSING CENTER,INDIAN RIVER,0,0,0
SOLARIS SENIOR LIVING VERO BEACH,INDIAN RIVER,0,0,0
SONATA VERO BEACH,INDIAN RIVER,0,0,0
WILLOWBROOKE COURT AT INDIAN RIVER ESTATES,INDIAN RIVER,0,0,0
MARIANNA HEALTH AND REHABILITATION CENTER,JACKSON,0,0,0
SIGNATURE HEALTHCARE AT THE COURTYARD,JACKSON,0,0,0
SUNLAND CENTER MARIANNA-FAC I,JACKSON,0,0,0
SUNLAND CENTER MARIANNA-FACILITY III,JACKSON,0,0,0
SUNLAND MARIANNA FACILITY V,JACKSON,0,0,0
"CERTUS MTD OPCO, LLC",LAKE,0,0,0
"CRANES VIEW LODGE, LLC",LAKE,0,0,0
FREEDOM POINTE AT THE VILLAGES REHABILITATION AND HEALTHCARE CTR,LAKE,0,0,0
LAKE EUSTIS HEALTH AND REHABILITATION CENTER,LAKE,0,0,0
"NEULIFE NEUROLOGICAL SERVICES, LLC",LAKE,0,0,0
NORTH CAMPUS REHABILITATION AND NURSING CENTER,LAKE,0,0,0
PLEASANTVILLE ALF,LAKE,0,0,0
REGENCY PARK,LAKE,0,0,0
RULEME CENTER,LAKE,0,0,0
SOMERSET,LAKE,0,0,0
CONSULATE HEALTH CARE OF NORTH FORT MYERS,LEE,0,0,0
CALUSA HARBOUR,LEE,0,0,0
CAPE CORAL SHORES,LEE,0,0,0
GULF COAST VILLAGE,LEE,0,0,0
KING'S CROWN-SHELL POINT VILLAGE,LEE,0,0,0
BARRINGTON TERRACE - FT MYERS,LEE,0,0,0
BROOKDALE BONITA SPRINGS,LEE,0,0,0
ARDEN COURTS OF FT MYERS,LEE,0,0,0
ATRIUM AT LIBERTY PARK,LEE,0,0,0
"VILLAGES REHABILITATION AND NURSING CENTER, THE",LAKE,0,0,0
VISTA LAKE,LAKE,0,0,0
AMAVIDA SENIOR LIVING,LEE,0,0,0
AMERICAN HOUSE BONITA SPRINGS,LEE,0,0,0
AMERICAN HOUSE COCONUT POINT,LEE,0,0,0
AMERICAN HOUSE FORT MYERS,LEE,0,0,0
SUPERIOR RESIDENCES OF CLERMONT,LAKE,0,0,0
TAMPA LAKES HEALTH AND REHABILITATION CENTER,HILLSBOROUGH,0,0,0
THE COLONNADE AT CARROLLWOOD,HILLSBOROUGH,0,0,0
LAFAYETTE NURSING AND REHABILITATION CENTER,LAFAYETTE,0,0,0
ADVENTHEALTH CARE CENTER WATERMAN,LAKE,0,0,0
"AVANTE AT MT DORA, INC.",LAKE,0,0,0
ACTS ASSISTED LIVING FACILITY,HILLSBOROUGH,0,0,0
AGUILA ADULT CARE CENTER,HILLSBOROUGH,0,0,0
ALAFIA VILLAGE,HILLSBOROUGH,0,0,0
ALDEA GREEN,HILLSBOROUGH,0,0,0
ALLEGRO,HILLSBOROUGH,0,0,0
LAKESIDE NEUROLOGIC,HARDEE,0,0,0
SANDIA,HARDEE,0,0,0
THE VALENCIA,HARDEE,0,0,0
ANGELS SENIOR LIVING AT SOUTH TAMPA,HILLSBOROUGH,0,0,0
ASTON GARDENS AT THE COURTYARDS (THE INN),HILLSBOROUGH,0,0,0
BAYSHORE POINTE NURSING AND REHAB CENTER,HILLSBOROUGH,0,0,0
BELVEDERE COMMONS OF SUN CITY CENTER,HILLSBOROUGH,0,0,0
BRIGHTON GARDENS OF TAMPA,HILLSBOROUGH,0,0,0
TRI-COUNTY NURSING HOME,GILCHRIST,0,0,0
ATRIA EVERGREEN WOODS,HERNANDO,0,0,0
BROOKDALE SPRING HILL,HERNANDO,0,0,0
EVERGREEN WOODS,HERNANDO,0,0,0
RESIDENCE AT TIMBER PINES (THE),HERNANDO,0,0,0
SPRING HILL HEALTH AND REHABILITATION CENTER,HERNANDO,0,0,0
SPRING OAKS,HERNANDO,0,0,0
TANGERINE COVE OF BROOKSVILLE,HERNANDO,0,0,0
THE PALMS ASSISTED LIVING,HERNANDO,0,0,0
BALMORAL ASSISTED LIVING,HIGHLANDS,0,0,0
FELLOWSHIP HOME AT THE FAIRWAY,HIGHLANDS,0,0,0
FLORIDA MENTOR,HIGHLANDS,0,0,0
KENILWORTH CARE & REHABILITATION CENTER,HIGHLANDS,0,0,0
LAKE PLACID HEALTH AND REHABILITATION CENTER,HIGHLANDS,0,0,0
OAKS AT AVON,HIGHLANDS,0,0,0
PALMS OF SEBRING (THE),HIGHLANDS,0,0,0
"PALMS OF SEBRING, THE",HIGHLANDS,0,0,0
ROYAL CARE OF AVON PARK,HIGHLANDS,0,0,0
SIM LODGE,HIGHLANDS,0,0,0
SUNNY HILLS OF SEBRING,HIGHLANDS,0,0,0
FEEL AT HOME INC,HILLSBOROUGH,0,0,0
FEELS LIKE HOME IN TAMPA ALF INC,HILLSBOROUGH,0,0,0
FLETCHER HEALTH AND REHABILITATION CENTER,HILLSBOROUGH,0,0,0
COVENTRY ASSISTED LIVING,HILLSBOROUGH,0,0,0
"CROSSINGS AT RIVERVIEW, THE",HILLSBOROUGH,0,0,0
DISCOVERY VILLAGE AT TAMPA PALMS,HILLSBOROUGH,0,0,0
DISCOVERY VILLAGE AT WESTCHASE,HILLSBOROUGH,0,0,0
ELMCROFT OF CARROLLWOOD,HILLSBOROUGH,0,0,0
"ESTATE AT HYDE PARK, (THE)",HILLSBOROUGH,0,0,0
CLARIDGE HOUSE AT THE BRIDGES (THE),HILLSBOROUGH,0,0,0
COLONIAL ASSISTED LIVING AT TAMPA FL,HILLSBOROUGH,0,0,0
CONSUELOS ALF,HILLSBOROUGH,0,0,0
BROOKDALE BAYSHORE,HILLSBOROUGH,0,0,0
CAMERON ALF III CORP,HILLSBOROUGH,0,0,0
CANTERBURY TOWERS INC,HILLSBOROUGH,0,0,0
CARROLLWOOD CARE CENTER,HILLSBOROUGH,0,0,0
CASTLE COURT ALF INC,HILLSBOROUGH,0,0,0
CENTRAL PARK HEALTHCARE AND REHABILITATION CENTER,HILLSBOROUGH,0,0,0
GRACE MANOR AT HUNTERS CREEK LLC,HILLSBOROUGH,0,0,0
HABANA HEALTH CARE CENTER,HILLSBOROUGH,0,0,0
INN ASTON AT GARDENS TAMPA BAY (THE),HILLSBOROUGH,0,0,0
INSPIRED LIVING AT SUN CITY CENTER,HILLSBOROUGH,0,0,0
INSPIRED LIVING AT TAMPA,HILLSBOROUGH,0,0,0
KR AT HILLSBOROUGH LAKES,HILLSBOROUGH,0,0,0
"MEMORY LANE COTTAGE AT TAMPA PALMS, LLC",HILLSBOROUGH,0,0,0
NORTHDALE REHABILITATION CENTER,HILLSBOROUGH,0,0,0
ROCKY CREEK VILLAGE,HILLSBOROUGH,0,0,0
ROSECASTLE AT DELANEY CREEK,HILLSBOROUGH,0,0,0
ROYAL SUN PARK ASSISTED LIVING FACILITY,HILLSBOROUGH,0,0,0
SENIOR POINT ASSISTED LIVING FACILITY LLC,HILLSBOROUGH,0,0,0
SHADY PALMS RETIREMENT HOMES INC,HILLSBOROUGH,0,0,0
SOLARIS HEALTHCARE PLANT CITY,HILLSBOROUGH,0,0,0
STONE LEDGE MANOR,HILLSBOROUGH,0,0,0
SUN CITY SENIOR LIVING,HILLSBOROUGH,0,0,0
SUN TERRACE HEALTH CARE CENTER,HILLSBOROUGH,0,0,0
SUN TOWERS RETIREMENT COMMUNITY,HILLSBOROUGH,0,0,0
VI AT AVENTURA,DADE,0,0,0
"VILLA ROSA I, INC.",DADE,0,0,0
ARCADIA OAKS ASSISTED LIVING,DESOTO,0,0,0
DESOTO HEALTH AND REHAB,DESOTO,0,0,0
CROSS CITY NURSING AND REHABILITATION CENTER,DIXIE,0,0,0
AUTUMN VILLAGE INC.,DUVAL,0,0,0
AVANTE VILLA AT JACKSONVILLE BEACH INC,DUVAL,0,0,0
BARTRAM CROSSING,DUVAL,0,0,0
BROOKDALE AVONDALE,DUVAL,0,0,0
BROOKDALE MANDARIN,DUVAL,0,0,0
SUN VILLAGE HOMES INC,DADE,0,0,0
"SUNNY HILLS ALF OF HOMESTEAD, INC",DADE,0,0,0
"SUNRISE COMMUNITY, INC.",DADE,0,0,0
SUNSHINE ADULT CENTER #2,DADE,0,0,0
SUNSHINE ADULT CENTER CORP.,DADE,0,0,0
SILVER PALM ASSISTED LIVING LLC,DADE,0,0,0
"TERE'S SENIOR CARE, CORP",DADE,0,0,0
THE RESIDENCES AT MIAMI,DADE,0,0,0
"TROPICAL HEAVEN, INC.",DADE,0,0,0
TWO SISTERS TENDER CARE LLC,DADE,0,0,0
UCO GOLDEN GLADES GROUP HOME,DADE,0,0,0
PALACE AT KENDALL,DADE,0,0,0
PALACE AT KENDALL NURSING AND REHABILITATION CENTER,DADE,0,0,0
PALM BREEZE A.L.F.,DADE,0,0,0
PALMETTO ALF INC.,DADE,0,0,0
PARK PLACE ASSISTED LIVING INC,DADE,0,0,0
SEASONS GARDENS SENIOR RESIDENCE,DADE,0,0,0
SHALOM ALF,DADE,0,0,0
SOUTH FLORIDA HOME SERVICES INC.,DADE,0,0,0
ST ANNE'S RESIDENCE,DADE,0,0,0
"ST ANNES NURSING CENTER, ST ANNES RESIDENCE INC",DADE,0,0,0
ST JOSEPH ALF,DADE,0,0,0
ST. CATHERINE'S WEST REHABILITATION,DADE,0,0,0
SALMOS 23 #4 LLC,DADE,0,0,0
"REVIVAL HOME, INC.",DADE,0,0,0
"RITA MARIA TWO ALF, INC",DADE,0,0,0
RIVERSIDE CARE CENTER,DADE,0,0,0
RIVIERA HEALTH RESORT,DADE,0,0,0
SOLARIS HEALTHCARE PENSACOLA,ESCAMBIA,0,0,0
HAVEN OF OUR LADY OF PEACE,ESCAMBIA,0,0,0
SPECIALTY HEALTH AND REHABILITATION CENTER,ESCAMBIA,0,0,0
SUMMER VISTA ASSISTED LIVING COMMUNITY,ESCAMBIA,0,0,0
WESTPOINTE RETIREMENT COMMUNITY INC,ESCAMBIA,0,0,0
BROOKDALE PALM COAST,FLAGLER,0,0,0
FLAGLER HEALTH AND REHABILITATION CENTER,FLAGLER,0,0,0
GRAND OAKS HEALTH AND REHABILITATION CENTER,FLAGLER,0,0,0
PRINCETON VILLAGE OF PALM COAST,FLAGLER,0,0,0
"S & B KINGDOM CARE, LLC",FLAGLER,0,0,0
TUSCAN GARDENS OF PALM COAST,FLAGLER,0,0,0
MAGNOLIA HOUSE,GADSDEN,0,0,0
LIFE CARE CENTER OF PENSACOLA,ESCAMBIA,0,0,0
"NEW HORIZONS OF NORTHWEST FLORIDA, INC.",ESCAMBIA,0,0,0
OAKBRIDGE TERRACE AT AZALEA TRACE,ESCAMBIA,0,0,0
OLIVE BRANCH HEALTH AND REHABILITATION CENTER,ESCAMBIA,0,0,0
PENSACOLA DEVELOPMENTAL CENTER,ESCAMBIA,0,0,0
CENTURY HEALTH AND REHABILITATION CENTER,ESCAMBIA,0,0,0
CONSULATE HEALTH CARE OF PENSACOLA,ESCAMBIA,0,0,0
DE LUNA HEALTH AND REHABILITATION CENTER,ESCAMBIA,0,0,0
ELMCROFT OF PENSACOLA,ESCAMBIA,0,0,0
"EMERALD GARDENS PROPERTIES, LLC",ESCAMBIA,0,0,0
ASBURY PLACE,ESCAMBIA,0,0,0
BROOKDALE SOUTHSIDE,DUVAL,0,0,0
FIRST COAST HEALTH AND REHABILITATION CENTER,DUVAL,0,0,0
FLEET LANDING,DUVAL,0,0,0
FLORIDA MENTOR,DUVAL,0,0,0
"GOLDEN RETREAT SHELTER CARE CENTER, INC.",DUVAL,0,0,0
GRAND LIVING AT TAMAYA,DUVAL,0,0,0
HARBORCHASE OF JACKSONVILLE,DUVAL,0,0,0
HARBORCHASE OF MANDARIN,DUVAL,0,0,0
HARTS HARBOR HEALTH CARE CENTER,DUVAL,0,0,0
HEALTHCARE CENTER OF JACKSONVILLE,DUVAL,0,0,0
JACKSONVILLE NURSING AND REHAB CENTER,DUVAL,0,0,0
LAKESIDE NURSING AND REHABILITATION CENTER,DUVAL,0,0,0
VILLA SERENA I,DADE,0,0,0
"VILLA ROSA III, INC",DADE,0,0,0
"CATHEDRAL GERONTOLOGY CENTER, INC",DUVAL,0,0,0
CONSULATE HEALTH CARE OF JACKSONVILLE,DUVAL,0,0,0
CYPRESS VILLAGE,DUVAL,0,0,0
"MAY INSTITUTE, BUCK POINT GROUP HOME",DUVAL,0,0,0
"NOBLE GARDENS OF JACKSONVILLE, LLC",DUVAL,0,0,0
"NOBLE HOUSE RETIREMENT OF JACKSONVILLE, LLC",DUVAL,0,0,0
PALM GARDEN OF JACKSONVILLE,DUVAL,0,0,0
PARK RIDGE NURSING CENTER,DUVAL,0,0,0
RIVER GARDEN HEBREW HOME FOR THE AGED,DUVAL,0,0,0
RIVERWOOD CENTER,DUVAL,0,0,0
SAN JOSE GARDENS ALZHEIMER'S SPECIAL CARE CENTER,DUVAL,0,0,0
SAN JOSE HEALTH AND REHABILITATION CENTER,DUVAL,0,0,0
ST CATHERINE LABOURE MANOR INC,DUVAL,0,0,0
TAYLOR CARE CENTER,DUVAL,0,0,0
"TERRACE OF JACKSONVILLE, THE",DUVAL,0,0,0
UNIVERSITY CROSSING,DUVAL,0,0,0
WINDSOR AT SAN PABLO,DUVAL,0,0,0
WOODLAND GROVE HEALTH & REHABILITATION CENTER,DUVAL,0,0,0
WYNDHAM LAKES JACKSONVILLE,DUVAL,0,0,0
